person,performance,camera_id,clip_index,source_path,clip_path,start_frame,end_frame_exclusive,clip_len,source_fps,output_fps,source_frame_count,width,height,padded_frames,selection_score,score_source,selection_reason
wangxing,BeiShang2,124071016307,1,data/video/canon/BeiShang2/124071016307.mp4,data/video/BeiShang2/124071016307_clip0001.mp4,121,210,89,24.0,24.0,416,576,1024,0,0.10463102906942368,audio_rms,active_segment_143_205
wangxing,BeiShang2,124071016307,2,data/video/canon/BeiShang2/124071016307.mp4,data/video/BeiShang2/124071016307_clip0002.mp4,131,220,89,24.0,24.0,416,576,1024,0,0.10453563928604126,audio_rms,active_segment_143_205
wangxing,BeiShang2,124071016307,3,data/video/canon/BeiShang2/124071016307.mp4,data/video/BeiShang2/124071016307_clip0003.mp4,138,227,89,24.0,24.0,416,576,1024,0,0.1043463796377182,audio_rms,active_segment_143_205_tail
wangxing,BeiShang2,124071016307,4,data/video/canon/BeiShang2/124071016307.mp4,data/video/BeiShang2/124071016307_clip0004.mp4,275,364,89,24.0,24.0,416,576,1024,0,0.12281960248947144,audio_rms,active_segment_297_401
wangxing,BeiShang2,124071016307,5,data/video/canon/BeiShang2/124071016307.mp4,data/video/BeiShang2/124071016307_clip0005.mp4,285,374,89,24.0,24.0,416,576,1024,0,0.1403256356716156,audio_rms,active_segment_297_401
wangxing,BeiShang2,124071016307,6,data/video/canon/BeiShang2/124071016307.mp4,data/video/BeiShang2/124071016307_clip0006.mp4,295,384,89,24.0,24.0,416,576,1024,0,0.1583419293165207,audio_rms,active_segment_297_401
wangxing,BeiShang2,124071016307,7,data/video/canon/BeiShang2/124071016307.mp4,data/video/BeiShang2/124071016307_clip0007.mp4,305,394,89,24.0,24.0,416,576,1024,0,0.1650460660457611,audio_rms,active_segment_297_401
wangxing,BeiShang2,124071016307,8,data/video/canon/BeiShang2/124071016307.mp4,data/video/BeiShang2/124071016307_clip0008.mp4,315,404,89,24.0,24.0,416,576,1024,0,0.1553351879119873,audio_rms,active_segment_297_401
wangxing,BeiShang2,124071016307,9,data/video/canon/BeiShang2/124071016307.mp4,data/video/BeiShang2/124071016307_clip0009.mp4,325,414,89,24.0,24.0,416,576,1024,0,0.13941752910614014,audio_rms,active_segment_297_401
wangxing,BeiShang2,124071016307,10,data/video/canon/BeiShang2/124071016307.mp4,data/video/BeiShang2/124071016307_clip0010.mp4,327,416,89,24.0,24.0,416,576,1024,0,0.13598328828811646,audio_rms,active_segment_297_401_tail
wangxing,FACS0,124071016307,1,data/video/canon/FACS0/124071016307.mp4,data/video/FACS0/124071016307_clip0001.mp4,392,481,89,24.0,24.0,692,576,1024,0,0.06694688647985458,audio_rms,active_segment_414_519
wangxing,FACS0,124071016307,2,data/video/canon/FACS0/124071016307.mp4,data/video/FACS0/124071016307_clip0002.mp4,402,491,89,24.0,24.0,692,576,1024,0,0.0795428529381752,audio_rms,active_segment_414_519
wangxing,FACS0,124071016307,3,data/video/canon/FACS0/124071016307.mp4,data/video/FACS0/124071016307_clip0003.mp4,412,501,89,24.0,24.0,692,576,1024,0,0.09251565486192703,audio_rms,active_segment_414_519
wangxing,FACS0,124071016307,4,data/video/canon/FACS0/124071016307.mp4,data/video/FACS0/124071016307_clip0004.mp4,422,511,89,24.0,24.0,692,576,1024,0,0.09333767741918564,audio_rms,active_segment_414_519
wangxing,FACS0,124071016307,5,data/video/canon/FACS0/124071016307.mp4,data/video/FACS0/124071016307_clip0005.mp4,432,521,89,24.0,24.0,692,576,1024,0,0.08560047298669815,audio_rms,active_segment_414_519
wangxing,FACS0,124071016307,6,data/video/canon/FACS0/124071016307.mp4,data/video/FACS0/124071016307_clip0006.mp4,442,531,89,24.0,24.0,692,576,1024,0,0.07879368215799332,audio_rms,active_segment_414_519
wangxing,FACS0,124071016307,7,data/video/canon/FACS0/124071016307.mp4,data/video/FACS0/124071016307_clip0007.mp4,452,541,89,24.0,24.0,692,576,1024,0,0.08131144195795059,audio_rms,active_segment_414_519
wangxing,FACS0,124071016307,8,data/video/canon/FACS0/124071016307.mp4,data/video/FACS0/124071016307_clip0008.mp4,565,654,89,24.0,24.0,692,576,1024,0,0.04214933142066002,audio_rms,active_segment_590_628
wangxing,FACS0,124071016307,9,data/video/canon/FACS0/124071016307.mp4,data/video/FACS0/124071016307_clip0009.mp4,603,692,89,24.0,24.0,692,576,1024,0,0.04731840640306473,audio_rms,active_segment_663_692
wangxing,FACS1,124071016307,1,data/video/canon/FACS1/124071016307.mp4,data/video/FACS1/124071016307_clip0001.mp4,0,89,89,24.0,24.0,861,576,1024,0,0.03796299546957016,audio_rms,active_segment_8_44
wangxing,FACS1,124071016307,2,data/video/canon/FACS1/124071016307.mp4,data/video/FACS1/124071016307_clip0002.mp4,144,233,89,24.0,24.0,861,576,1024,0,0.03385898470878601,audio_rms,active_segment_166_257
wangxing,FACS1,124071016307,3,data/video/canon/FACS1/124071016307.mp4,data/video/FACS1/124071016307_clip0003.mp4,154,243,89,24.0,24.0,861,576,1024,0,0.03428581729531288,audio_rms,active_segment_166_257
wangxing,FACS1,124071016307,4,data/video/canon/FACS1/124071016307.mp4,data/video/FACS1/124071016307_clip0004.mp4,164,253,89,24.0,24.0,861,576,1024,0,0.03476129099726677,audio_rms,active_segment_166_257
wangxing,FACS1,124071016307,5,data/video/canon/FACS1/124071016307.mp4,data/video/FACS1/124071016307_clip0005.mp4,174,263,89,24.0,24.0,861,576,1024,0,0.03453030064702034,audio_rms,active_segment_166_257
wangxing,FACS1,124071016307,6,data/video/canon/FACS1/124071016307.mp4,data/video/FACS1/124071016307_clip0006.mp4,184,273,89,24.0,24.0,861,576,1024,0,0.03361200913786888,audio_rms,active_segment_166_257
wangxing,FACS1,124071016307,7,data/video/canon/FACS1/124071016307.mp4,data/video/FACS1/124071016307_clip0007.mp4,190,279,89,24.0,24.0,861,576,1024,0,0.033285632729530334,audio_rms,active_segment_166_257_tail
wangxing,FACS1,124071016307,8,data/video/canon/FACS1/124071016307.mp4,data/video/FACS1/124071016307_clip0008.mp4,557,646,89,24.0,24.0,861,576,1024,0,0.03530438244342804,audio_rms,active_segment_583_620
wangxing,FACS1,124071016307,9,data/video/canon/FACS1/124071016307.mp4,data/video/FACS1/124071016307_clip0009.mp4,652,741,89,24.0,24.0,861,576,1024,0,0.033329226076602936,audio_rms,active_segment_681_711
wangxing,FACS2,124071016307,1,data/video/canon/FACS2/124071016307.mp4,data/video/FACS2/124071016307_clip0001.mp4,147,236,89,24.0,24.0,805,576,1024,0,0.03220523148775101,audio_rms,active_segment_169_269
wangxing,FACS2,124071016307,2,data/video/canon/FACS2/124071016307.mp4,data/video/FACS2/124071016307_clip0002.mp4,157,246,89,24.0,24.0,805,576,1024,0,0.03245440125465393,audio_rms,active_segment_169_269
wangxing,FACS2,124071016307,3,data/video/canon/FACS2/124071016307.mp4,data/video/FACS2/124071016307_clip0003.mp4,167,256,89,24.0,24.0,805,576,1024,0,0.03290665149688721,audio_rms,active_segment_169_269
wangxing,FACS2,124071016307,4,data/video/canon/FACS2/124071016307.mp4,data/video/FACS2/124071016307_clip0004.mp4,177,266,89,24.0,24.0,805,576,1024,0,0.03270203247666359,audio_rms,active_segment_169_269
wangxing,FACS2,124071016307,5,data/video/canon/FACS2/124071016307.mp4,data/video/FACS2/124071016307_clip0005.mp4,187,276,89,24.0,24.0,805,576,1024,0,0.0321342796087265,audio_rms,active_segment_169_269
wangxing,FACS2,124071016307,6,data/video/canon/FACS2/124071016307.mp4,data/video/FACS2/124071016307_clip0006.mp4,197,286,89,24.0,24.0,805,576,1024,0,0.03199199214577675,audio_rms,active_segment_169_269
wangxing,FACS2,124071016307,7,data/video/canon/FACS2/124071016307.mp4,data/video/FACS2/124071016307_clip0007.mp4,202,291,89,24.0,24.0,805,576,1024,0,0.031805943697690964,audio_rms,active_segment_169_269_tail
wangxing,FACS2,124071016307,8,data/video/canon/FACS2/124071016307.mp4,data/video/FACS2/124071016307_clip0008.mp4,407,496,89,24.0,24.0,805,576,1024,0,0.031304359436035156,audio_rms,active_segment_433_469
wangxing,FaYin1,124071016307,1,data/video/canon/FaYin1/124071016307.mp4,data/video/FaYin1/124071016307_clip0001.mp4,156,245,89,24.0,24.0,463,576,1024,0,0.07921569049358368,audio_rms,active_segment_182_218
wangxing,FaYin1,124071016307,2,data/video/canon/FaYin1/124071016307.mp4,data/video/FaYin1/124071016307_clip0002.mp4,316,405,89,24.0,24.0,463,576,1024,0,0.07754714041948318,audio_rms,active_segment_338_382
wangxing,FaYin2,124071016307,1,data/video/canon/FaYin2/124071016307.mp4,data/video/FaYin2/124071016307_clip0001.mp4,69,158,89,24.0,24.0,377,576,1024,0,0.08062689006328583,audio_rms,active_segment_91_206
wangxing,FaYin2,124071016307,2,data/video/canon/FaYin2/124071016307.mp4,data/video/FaYin2/124071016307_clip0002.mp4,79,168,89,24.0,24.0,377,576,1024,0,0.08456451445817947,audio_rms,active_segment_91_206
wangxing,FaYin2,124071016307,3,data/video/canon/FaYin2/124071016307.mp4,data/video/FaYin2/124071016307_clip0003.mp4,89,178,89,24.0,24.0,377,576,1024,0,0.0857277438044548,audio_rms,active_segment_91_206
wangxing,FaYin2,124071016307,4,data/video/canon/FaYin2/124071016307.mp4,data/video/FaYin2/124071016307_clip0004.mp4,99,188,89,24.0,24.0,377,576,1024,0,0.08894851803779602,audio_rms,active_segment_91_206
wangxing,FaYin2,124071016307,5,data/video/canon/FaYin2/124071016307.mp4,data/video/FaYin2/124071016307_clip0005.mp4,109,198,89,24.0,24.0,377,576,1024,0,0.08824851363897324,audio_rms,active_segment_91_206
wangxing,FaYin2,124071016307,6,data/video/canon/FaYin2/124071016307.mp4,data/video/FaYin2/124071016307_clip0006.mp4,119,208,89,24.0,24.0,377,576,1024,0,0.08579449355602264,audio_rms,active_segment_91_206
wangxing,FaYin2,124071016307,7,data/video/canon/FaYin2/124071016307.mp4,data/video/FaYin2/124071016307_clip0007.mp4,129,218,89,24.0,24.0,377,576,1024,0,0.07738710939884186,audio_rms,active_segment_91_206
wangxing,FaYin2,124071016307,8,data/video/canon/FaYin2/124071016307.mp4,data/video/FaYin2/124071016307_clip0008.mp4,139,228,89,24.0,24.0,377,576,1024,0,0.07330682873725891,audio_rms,active_segment_91_206
wangxing,FenNu,124071016307,1,data/video/canon/FenNu/124071016307.mp4,data/video/FenNu/124071016307_clip0001.mp4,121,210,89,24.0,24.0,399,576,1024,0,0.034573160111904144,audio_rms,active_segment_143_200
wangxing,FenNu,124071016307,2,data/video/canon/FenNu/124071016307.mp4,data/video/FenNu/124071016307_clip0002.mp4,131,220,89,24.0,24.0,399,576,1024,0,0.03445916622877121,audio_rms,active_segment_143_200
wangxing,FenNu,124071016307,3,data/video/canon/FenNu/124071016307.mp4,data/video/FenNu/124071016307_clip0003.mp4,133,222,89,24.0,24.0,399,576,1024,0,0.03452529013156891,audio_rms,active_segment_143_200_tail
wangxing,FenNu,124071016307,4,data/video/canon/FenNu/124071016307.mp4,data/video/FenNu/124071016307_clip0004.mp4,288,377,89,24.0,24.0,399,576,1024,0,0.030967487022280693,audio_rms,active_segment_310_362
wangxing,FenNu,124071016307,5,data/video/canon/FenNu/124071016307.mp4,data/video/FenNu/124071016307_clip0005.mp4,295,384,89,24.0,24.0,399,576,1024,0,0.03197818249464035,audio_rms,active_segment_310_362_tail
wangxing,FuYin,124071016307,1,data/video/canon/FuYin/124071016307.mp4,data/video/FuYin/124071016307_clip0001.mp4,0,89,89,24.0,24.0,490,576,1024,0,0.03243927285075188,audio_rms,active_segment_0_490
wangxing,FuYin,124071016307,2,data/video/canon/FuYin/124071016307.mp4,data/video/FuYin/124071016307_clip0002.mp4,10,99,89,24.0,24.0,490,576,1024,0,0.0369207002222538,audio_rms,active_segment_0_490
wangxing,FuYin,124071016307,3,data/video/canon/FuYin/124071016307.mp4,data/video/FuYin/124071016307_clip0003.mp4,20,109,89,24.0,24.0,490,576,1024,0,0.03737771138548851,audio_rms,active_segment_0_490
wangxing,FuYin,124071016307,4,data/video/canon/FuYin/124071016307.mp4,data/video/FuYin/124071016307_clip0004.mp4,30,119,89,24.0,24.0,490,576,1024,0,0.037690404802560806,audio_rms,active_segment_0_490
wangxing,FuYin,124071016307,5,data/video/canon/FuYin/124071016307.mp4,data/video/FuYin/124071016307_clip0005.mp4,40,129,89,24.0,24.0,490,576,1024,0,0.04093371704220772,audio_rms,active_segment_0_490
wangxing,FuYin,124071016307,6,data/video/canon/FuYin/124071016307.mp4,data/video/FuYin/124071016307_clip0006.mp4,50,139,89,24.0,24.0,490,576,1024,0,0.0412793792784214,audio_rms,active_segment_0_490
wangxing,FuYin,124071016307,7,data/video/canon/FuYin/124071016307.mp4,data/video/FuYin/124071016307_clip0007.mp4,60,149,89,24.0,24.0,490,576,1024,0,0.03970072418451309,audio_rms,active_segment_0_490
wangxing,FuYin,124071016307,8,data/video/canon/FuYin/124071016307.mp4,data/video/FuYin/124071016307_clip0008.mp4,70,159,89,24.0,24.0,490,576,1024,0,0.04172341153025627,audio_rms,active_segment_0_490
wangxing,FuYin,124071016307,9,data/video/canon/FuYin/124071016307.mp4,data/video/FuYin/124071016307_clip0009.mp4,80,169,89,24.0,24.0,490,576,1024,0,0.04240097478032112,audio_rms,active_segment_0_490
wangxing,FuYin,124071016307,10,data/video/canon/FuYin/124071016307.mp4,data/video/FuYin/124071016307_clip0010.mp4,90,179,89,24.0,24.0,490,576,1024,0,0.04206860065460205,audio_rms,active_segment_0_490
wangxing,FuYin,124071016307,11,data/video/canon/FuYin/124071016307.mp4,data/video/FuYin/124071016307_clip0011.mp4,100,189,89,24.0,24.0,490,576,1024,0,0.03906336426734924,audio_rms,active_segment_0_490
wangxing,FuYin,124071016307,12,data/video/canon/FuYin/124071016307.mp4,data/video/FuYin/124071016307_clip0012.mp4,110,199,89,24.0,24.0,490,576,1024,0,0.03976857289671898,audio_rms,active_segment_0_490
wangxing,FuYin,124071016307,13,data/video/canon/FuYin/124071016307.mp4,data/video/FuYin/124071016307_clip0013.mp4,120,209,89,24.0,24.0,490,576,1024,0,0.03938433155417442,audio_rms,active_segment_0_490
wangxing,FuYin,124071016307,14,data/video/canon/FuYin/124071016307.mp4,data/video/FuYin/124071016307_clip0014.mp4,130,219,89,24.0,24.0,490,576,1024,0,0.0368322916328907,audio_rms,active_segment_0_490
wangxing,FuYin,124071016307,15,data/video/canon/FuYin/124071016307.mp4,data/video/FuYin/124071016307_clip0015.mp4,140,229,89,24.0,24.0,490,576,1024,0,0.03819863498210907,audio_rms,active_segment_0_490
wangxing,FuYin,124071016307,16,data/video/canon/FuYin/124071016307.mp4,data/video/FuYin/124071016307_clip0016.mp4,150,239,89,24.0,24.0,490,576,1024,0,0.038089603185653687,audio_rms,active_segment_0_490
wangxing,FuYin,124071016307,17,data/video/canon/FuYin/124071016307.mp4,data/video/FuYin/124071016307_clip0017.mp4,160,249,89,24.0,24.0,490,576,1024,0,0.03532106801867485,audio_rms,active_segment_0_490
wangxing,FuYin,124071016307,18,data/video/canon/FuYin/124071016307.mp4,data/video/FuYin/124071016307_clip0018.mp4,170,259,89,24.0,24.0,490,576,1024,0,0.03564392775297165,audio_rms,active_segment_0_490
wangxing,FuYin,124071016307,19,data/video/canon/FuYin/124071016307.mp4,data/video/FuYin/124071016307_clip0019.mp4,180,269,89,24.0,24.0,490,576,1024,0,0.03772978484630585,audio_rms,active_segment_0_490
wangxing,FuYin,124071016307,20,data/video/canon/FuYin/124071016307.mp4,data/video/FuYin/124071016307_clip0020.mp4,190,279,89,24.0,24.0,490,576,1024,0,0.03677681088447571,audio_rms,active_segment_0_490
wangxing,FuYin,124071016307,21,data/video/canon/FuYin/124071016307.mp4,data/video/FuYin/124071016307_clip0021.mp4,200,289,89,24.0,24.0,490,576,1024,0,0.036797087639570236,audio_rms,active_segment_0_490
wangxing,FuYin,124071016307,22,data/video/canon/FuYin/124071016307.mp4,data/video/FuYin/124071016307_clip0022.mp4,210,299,89,24.0,24.0,490,576,1024,0,0.03792843222618103,audio_rms,active_segment_0_490
wangxing,FuYin,124071016307,23,data/video/canon/FuYin/124071016307.mp4,data/video/FuYin/124071016307_clip0023.mp4,220,309,89,24.0,24.0,490,576,1024,0,0.03724795952439308,audio_rms,active_segment_0_490
wangxing,FuYin,124071016307,24,data/video/canon/FuYin/124071016307.mp4,data/video/FuYin/124071016307_clip0024.mp4,230,319,89,24.0,24.0,490,576,1024,0,0.035882532596588135,audio_rms,active_segment_0_490
wangxing,FuYin,124071016307,25,data/video/canon/FuYin/124071016307.mp4,data/video/FuYin/124071016307_clip0025.mp4,240,329,89,24.0,24.0,490,576,1024,0,0.03582385554909706,audio_rms,active_segment_0_490
wangxing,FuYin,124071016307,26,data/video/canon/FuYin/124071016307.mp4,data/video/FuYin/124071016307_clip0026.mp4,250,339,89,24.0,24.0,490,576,1024,0,0.03590528294444084,audio_rms,active_segment_0_490
wangxing,FuYin,124071016307,27,data/video/canon/FuYin/124071016307.mp4,data/video/FuYin/124071016307_clip0027.mp4,260,349,89,24.0,24.0,490,576,1024,0,0.03550673648715019,audio_rms,active_segment_0_490
wangxing,FuYin,124071016307,28,data/video/canon/FuYin/124071016307.mp4,data/video/FuYin/124071016307_clip0028.mp4,270,359,89,24.0,24.0,490,576,1024,0,0.03442607820034027,audio_rms,active_segment_0_490
wangxing,FuYin,124071016307,29,data/video/canon/FuYin/124071016307.mp4,data/video/FuYin/124071016307_clip0029.mp4,280,369,89,24.0,24.0,490,576,1024,0,0.03462196886539459,audio_rms,active_segment_0_490
wangxing,FuYin,124071016307,30,data/video/canon/FuYin/124071016307.mp4,data/video/FuYin/124071016307_clip0030.mp4,290,379,89,24.0,24.0,490,576,1024,0,0.0336836501955986,audio_rms,active_segment_0_490
wangxing,FuYin,124071016307,31,data/video/canon/FuYin/124071016307.mp4,data/video/FuYin/124071016307_clip0031.mp4,300,389,89,24.0,24.0,490,576,1024,0,0.03260640799999237,audio_rms,active_segment_0_490
wangxing,FuYin,124071016307,32,data/video/canon/FuYin/124071016307.mp4,data/video/FuYin/124071016307_clip0032.mp4,310,399,89,24.0,24.0,490,576,1024,0,0.03241483494639397,audio_rms,active_segment_0_490
wangxing,FuYin,124071016307,33,data/video/canon/FuYin/124071016307.mp4,data/video/FuYin/124071016307_clip0033.mp4,320,409,89,24.0,24.0,490,576,1024,0,0.033606141805648804,audio_rms,active_segment_0_490
wangxing,FuYin,124071016307,34,data/video/canon/FuYin/124071016307.mp4,data/video/FuYin/124071016307_clip0034.mp4,330,419,89,24.0,24.0,490,576,1024,0,0.03810448944568634,audio_rms,active_segment_0_490
wangxing,FuYin,124071016307,35,data/video/canon/FuYin/124071016307.mp4,data/video/FuYin/124071016307_clip0035.mp4,340,429,89,24.0,24.0,490,576,1024,0,0.03835359960794449,audio_rms,active_segment_0_490
wangxing,FuYin,124071016307,36,data/video/canon/FuYin/124071016307.mp4,data/video/FuYin/124071016307_clip0036.mp4,350,439,89,24.0,24.0,490,576,1024,0,0.03766530007123947,audio_rms,active_segment_0_490
wangxing,FuYin,124071016307,37,data/video/canon/FuYin/124071016307.mp4,data/video/FuYin/124071016307_clip0037.mp4,360,449,89,24.0,24.0,490,576,1024,0,0.036978501826524734,audio_rms,active_segment_0_490
wangxing,FuYin,124071016307,38,data/video/canon/FuYin/124071016307.mp4,data/video/FuYin/124071016307_clip0038.mp4,370,459,89,24.0,24.0,490,576,1024,0,0.036993999034166336,audio_rms,active_segment_0_490
wangxing,FuYin,124071016307,39,data/video/canon/FuYin/124071016307.mp4,data/video/FuYin/124071016307_clip0039.mp4,380,469,89,24.0,24.0,490,576,1024,0,0.03699304908514023,audio_rms,active_segment_0_490
wangxing,FuYin,124071016307,40,data/video/canon/FuYin/124071016307.mp4,data/video/FuYin/124071016307_clip0040.mp4,390,479,89,24.0,24.0,490,576,1024,0,0.037112459540367126,audio_rms,active_segment_0_490
wangxing,FuYin,124071016307,41,data/video/canon/FuYin/124071016307.mp4,data/video/FuYin/124071016307_clip0041.mp4,400,489,89,24.0,24.0,490,576,1024,0,0.037185780704021454,audio_rms,active_segment_0_490
wangxing,FuYin,124071016307,42,data/video/canon/FuYin/124071016307.mp4,data/video/FuYin/124071016307_clip0042.mp4,401,490,89,24.0,24.0,490,576,1024,0,0.03705605864524841,audio_rms,active_segment_0_490_tail
wangxing,GouYi,124071016307,1,data/video/canon/GouYi/124071016307.mp4,data/video/GouYi/124071016307_clip0001.mp4,256,345,89,24.0,24.0,1466,576,1024,0,0.06474156677722931,audio_rms,active_segment_278_368
wangxing,GouYi,124071016307,2,data/video/canon/GouYi/124071016307.mp4,data/video/GouYi/124071016307_clip0002.mp4,266,355,89,24.0,24.0,1466,576,1024,0,0.07235930114984512,audio_rms,active_segment_278_368
wangxing,GouYi,124071016307,3,data/video/canon/GouYi/124071016307.mp4,data/video/GouYi/124071016307_clip0003.mp4,276,365,89,24.0,24.0,1466,576,1024,0,0.07775818556547165,audio_rms,active_segment_278_368
wangxing,GouYi,124071016307,4,data/video/canon/GouYi/124071016307.mp4,data/video/GouYi/124071016307_clip0004.mp4,286,375,89,24.0,24.0,1466,576,1024,0,0.07500741630792618,audio_rms,active_segment_278_368
wangxing,GouYi,124071016307,5,data/video/canon/GouYi/124071016307.mp4,data/video/GouYi/124071016307_clip0005.mp4,296,385,89,24.0,24.0,1466,576,1024,0,0.06509380042552948,audio_rms,active_segment_278_368
wangxing,GouYi,124071016307,6,data/video/canon/GouYi/124071016307.mp4,data/video/GouYi/124071016307_clip0006.mp4,301,390,89,24.0,24.0,1466,576,1024,0,0.060012806206941605,audio_rms,active_segment_278_368_tail
wangxing,GouYi,124071016307,7,data/video/canon/GouYi/124071016307.mp4,data/video/GouYi/124071016307_clip0007.mp4,415,504,89,24.0,24.0,1466,576,1024,0,0.0556366853415966,audio_rms,active_segment_443_476
wangxing,GouYi,124071016307,8,data/video/canon/GouYi/124071016307.mp4,data/video/GouYi/124071016307_clip0008.mp4,531,620,89,24.0,24.0,1466,576,1024,0,0.06529929488897324,audio_rms,active_segment_556_595
wangxing,GouYi,124071016307,9,data/video/canon/GouYi/124071016307.mp4,data/video/GouYi/124071016307_clip0009.mp4,641,730,89,24.0,24.0,1466,576,1024,0,0.061716895550489426,audio_rms,active_segment_665_705
wangxing,GouYi,124071016307,10,data/video/canon/GouYi/124071016307.mp4,data/video/GouYi/124071016307_clip0010.mp4,777,866,89,24.0,24.0,1466,576,1024,0,0.07543854415416718,audio_rms,active_segment_801_841
wangxing,GouYi,124071016307,11,data/video/canon/GouYi/124071016307.mp4,data/video/GouYi/124071016307_clip0011.mp4,850,939,89,24.0,24.0,1466,576,1024,0,0.07304470241069794,audio_rms,active_segment_872_973
wangxing,GouYi,124071016307,12,data/video/canon/GouYi/124071016307.mp4,data/video/GouYi/124071016307_clip0012.mp4,860,949,89,24.0,24.0,1466,576,1024,0,0.08059262484312057,audio_rms,active_segment_872_973
wangxing,GouYi,124071016307,13,data/video/canon/GouYi/124071016307.mp4,data/video/GouYi/124071016307_clip0013.mp4,870,959,89,24.0,24.0,1466,576,1024,0,0.08623114973306656,audio_rms,active_segment_872_973
wangxing,GouYi,124071016307,14,data/video/canon/GouYi/124071016307.mp4,data/video/GouYi/124071016307_clip0014.mp4,880,969,89,24.0,24.0,1466,576,1024,0,0.08844584226608276,audio_rms,active_segment_872_973
wangxing,GouYi,124071016307,15,data/video/canon/GouYi/124071016307.mp4,data/video/GouYi/124071016307_clip0015.mp4,890,979,89,24.0,24.0,1466,576,1024,0,0.07685421407222748,audio_rms,active_segment_872_973
wangxing,GouYi,124071016307,16,data/video/canon/GouYi/124071016307.mp4,data/video/GouYi/124071016307_clip0016.mp4,900,989,89,24.0,24.0,1466,576,1024,0,0.062381863594055176,audio_rms,active_segment_872_973
wangxing,GouYi,124071016307,17,data/video/canon/GouYi/124071016307.mp4,data/video/GouYi/124071016307_clip0017.mp4,906,995,89,24.0,24.0,1466,576,1024,0,0.0602085143327713,audio_rms,active_segment_872_973_tail
wangxing,GouYi,124071016307,18,data/video/canon/GouYi/124071016307.mp4,data/video/GouYi/124071016307_clip0018.mp4,1007,1096,89,24.0,24.0,1466,576,1024,0,0.09068543463945389,audio_rms,active_segment_1029_1118
wangxing,GouYi,124071016307,19,data/video/canon/GouYi/124071016307.mp4,data/video/GouYi/124071016307_clip0019.mp4,1017,1106,89,24.0,24.0,1466,576,1024,0,0.0928979367017746,audio_rms,active_segment_1029_1118
wangxing,GouYi,124071016307,20,data/video/canon/GouYi/124071016307.mp4,data/video/GouYi/124071016307_clip0020.mp4,1027,1116,89,24.0,24.0,1466,576,1024,0,0.10014590620994568,audio_rms,active_segment_1029_1118
wangxing,GouYi,124071016307,21,data/video/canon/GouYi/124071016307.mp4,data/video/GouYi/124071016307_clip0021.mp4,1037,1126,89,24.0,24.0,1466,576,1024,0,0.09694505482912064,audio_rms,active_segment_1029_1118
wangxing,GouYi,124071016307,22,data/video/canon/GouYi/124071016307.mp4,data/video/GouYi/124071016307_clip0022.mp4,1047,1136,89,24.0,24.0,1466,576,1024,0,0.08803660422563553,audio_rms,active_segment_1029_1118
wangxing,GouYi,124071016307,23,data/video/canon/GouYi/124071016307.mp4,data/video/GouYi/124071016307_clip0023.mp4,1051,1140,89,24.0,24.0,1466,576,1024,0,0.08336114883422852,audio_rms,active_segment_1029_1118_tail
wangxing,GouYi,124071016307,24,data/video/canon/GouYi/124071016307.mp4,data/video/GouYi/124071016307_clip0024.mp4,1168,1257,89,24.0,24.0,1466,576,1024,0,0.05938659608364105,audio_rms,active_segment_1197_1228
wangxing,GouYi,124071016307,25,data/video/canon/GouYi/124071016307.mp4,data/video/GouYi/124071016307_clip0025.mp4,1319,1408,89,24.0,24.0,1466,576,1024,0,0.06361690163612366,audio_rms,active_segment_1346_1380
wangxing,GouYi2,124071016307,1,data/video/canon/GouYi2/124071016307.mp4,data/video/GouYi2/124071016307_clip0001.mp4,237,326,89,24.0,24.0,1425,576,1024,0,0.05278681591153145,audio_rms,active_segment_265_298
wangxing,GouYi2,124071016307,2,data/video/canon/GouYi2/124071016307.mp4,data/video/GouYi2/124071016307_clip0002.mp4,302,391,89,24.0,24.0,1425,576,1024,0,0.051273513585329056,audio_rms,active_segment_328_365
wangxing,GouYi2,124071016307,3,data/video/canon/GouYi2/124071016307.mp4,data/video/GouYi2/124071016307_clip0003.mp4,410,499,89,24.0,24.0,1425,576,1024,0,0.051579784601926804,audio_rms,active_segment_438_471
wangxing,GouYi2,124071016307,4,data/video/canon/GouYi2/124071016307.mp4,data/video/GouYi2/124071016307_clip0004.mp4,519,608,89,24.0,24.0,1425,576,1024,0,0.05366193503141403,audio_rms,active_segment_541_729
wangxing,GouYi2,124071016307,5,data/video/canon/GouYi2/124071016307.mp4,data/video/GouYi2/124071016307_clip0005.mp4,529,618,89,24.0,24.0,1425,576,1024,0,0.058807577937841415,audio_rms,active_segment_541_729
wangxing,GouYi2,124071016307,6,data/video/canon/GouYi2/124071016307.mp4,data/video/GouYi2/124071016307_clip0006.mp4,539,628,89,24.0,24.0,1425,576,1024,0,0.06389952450990677,audio_rms,active_segment_541_729
wangxing,GouYi2,124071016307,7,data/video/canon/GouYi2/124071016307.mp4,data/video/GouYi2/124071016307_clip0007.mp4,549,638,89,24.0,24.0,1425,576,1024,0,0.06377989053726196,audio_rms,active_segment_541_729
wangxing,GouYi2,124071016307,8,data/video/canon/GouYi2/124071016307.mp4,data/video/GouYi2/124071016307_clip0008.mp4,559,648,89,24.0,24.0,1425,576,1024,0,0.061763912439346313,audio_rms,active_segment_541_729
wangxing,GouYi2,124071016307,9,data/video/canon/GouYi2/124071016307.mp4,data/video/GouYi2/124071016307_clip0009.mp4,569,658,89,24.0,24.0,1425,576,1024,0,0.05594026297330856,audio_rms,active_segment_541_729
wangxing,GouYi2,124071016307,10,data/video/canon/GouYi2/124071016307.mp4,data/video/GouYi2/124071016307_clip0010.mp4,579,668,89,24.0,24.0,1425,576,1024,0,0.04975665733218193,audio_rms,active_segment_541_729
wangxing,GouYi2,124071016307,11,data/video/canon/GouYi2/124071016307.mp4,data/video/GouYi2/124071016307_clip0011.mp4,589,678,89,24.0,24.0,1425,576,1024,0,0.05009159818291664,audio_rms,active_segment_541_729
wangxing,GouYi2,124071016307,12,data/video/canon/GouYi2/124071016307.mp4,data/video/GouYi2/124071016307_clip0012.mp4,599,688,89,24.0,24.0,1425,576,1024,0,0.05718082934617996,audio_rms,active_segment_541_729
wangxing,GouYi2,124071016307,13,data/video/canon/GouYi2/124071016307.mp4,data/video/GouYi2/124071016307_clip0013.mp4,609,698,89,24.0,24.0,1425,576,1024,0,0.0637592300772667,audio_rms,active_segment_541_729
wangxing,GouYi2,124071016307,14,data/video/canon/GouYi2/124071016307.mp4,data/video/GouYi2/124071016307_clip0014.mp4,619,708,89,24.0,24.0,1425,576,1024,0,0.06394152343273163,audio_rms,active_segment_541_729
wangxing,GouYi2,124071016307,15,data/video/canon/GouYi2/124071016307.mp4,data/video/GouYi2/124071016307_clip0015.mp4,629,718,89,24.0,24.0,1425,576,1024,0,0.06583718210458755,audio_rms,active_segment_541_729
wangxing,GouYi2,124071016307,16,data/video/canon/GouYi2/124071016307.mp4,data/video/GouYi2/124071016307_clip0016.mp4,639,728,89,24.0,24.0,1425,576,1024,0,0.06581833958625793,audio_rms,active_segment_541_729
wangxing,GouYi2,124071016307,17,data/video/canon/GouYi2/124071016307.mp4,data/video/GouYi2/124071016307_clip0017.mp4,649,738,89,24.0,24.0,1425,576,1024,0,0.06302347034215927,audio_rms,active_segment_541_729
wangxing,GouYi2,124071016307,18,data/video/canon/GouYi2/124071016307.mp4,data/video/GouYi2/124071016307_clip0018.mp4,659,748,89,24.0,24.0,1425,576,1024,0,0.06303457915782928,audio_rms,active_segment_541_729
wangxing,GouYi2,124071016307,19,data/video/canon/GouYi2/124071016307.mp4,data/video/GouYi2/124071016307_clip0019.mp4,662,751,89,24.0,24.0,1425,576,1024,0,0.06301984935998917,audio_rms,active_segment_541_729_tail
wangxing,GouYi2,124071016307,20,data/video/canon/GouYi2/124071016307.mp4,data/video/GouYi2/124071016307_clip0020.mp4,882,971,89,24.0,24.0,1425,576,1024,0,0.046583522111177444,audio_rms,active_segment_910_942
wangxing,GouYi2,124071016307,21,data/video/canon/GouYi2/124071016307.mp4,data/video/GouYi2/124071016307_clip0021.mp4,973,1062,89,24.0,24.0,1425,576,1024,0,0.08908902108669281,audio_rms,active_segment_995_1078
wangxing,GouYi2,124071016307,22,data/video/canon/GouYi2/124071016307.mp4,data/video/GouYi2/124071016307_clip0022.mp4,983,1072,89,24.0,24.0,1425,576,1024,0,0.09392581135034561,audio_rms,active_segment_995_1078
wangxing,GouYi2,124071016307,23,data/video/canon/GouYi2/124071016307.mp4,data/video/GouYi2/124071016307_clip0023.mp4,993,1082,89,24.0,24.0,1425,576,1024,0,0.09447825700044632,audio_rms,active_segment_995_1078
wangxing,GouYi2,124071016307,24,data/video/canon/GouYi2/124071016307.mp4,data/video/GouYi2/124071016307_clip0024.mp4,1003,1092,89,24.0,24.0,1425,576,1024,0,0.09007803350687027,audio_rms,active_segment_995_1078
wangxing,GouYi2,124071016307,25,data/video/canon/GouYi2/124071016307.mp4,data/video/GouYi2/124071016307_clip0025.mp4,1011,1100,89,24.0,24.0,1425,576,1024,0,0.0825585201382637,audio_rms,active_segment_995_1078_tail
wangxing,GouYi2,124071016307,26,data/video/canon/GouYi2/124071016307.mp4,data/video/GouYi2/124071016307_clip0026.mp4,1271,1360,89,24.0,24.0,1425,576,1024,0,0.05821755900979042,audio_rms,active_segment_1298_1333
wangxing,JingYa,124071016307,1,data/video/canon/JingYa/124071016307.mp4,data/video/JingYa/124071016307_clip0001.mp4,0,89,89,24.0,24.0,370,576,1024,0,0.02943544089794159,audio_rms,active_segment_0_370
wangxing,JingYa,124071016307,2,data/video/canon/JingYa/124071016307.mp4,data/video/JingYa/124071016307_clip0002.mp4,10,99,89,24.0,24.0,370,576,1024,0,0.03217841312289238,audio_rms,active_segment_0_370
wangxing,JingYa,124071016307,3,data/video/canon/JingYa/124071016307.mp4,data/video/JingYa/124071016307_clip0003.mp4,20,109,89,24.0,24.0,370,576,1024,0,0.04051648825407028,audio_rms,active_segment_0_370
wangxing,JingYa,124071016307,4,data/video/canon/JingYa/124071016307.mp4,data/video/JingYa/124071016307_clip0004.mp4,30,119,89,24.0,24.0,370,576,1024,0,0.042984701693058014,audio_rms,active_segment_0_370
wangxing,JingYa,124071016307,5,data/video/canon/JingYa/124071016307.mp4,data/video/JingYa/124071016307_clip0005.mp4,40,129,89,24.0,24.0,370,576,1024,0,0.042942073196172714,audio_rms,active_segment_0_370
wangxing,JingYa,124071016307,6,data/video/canon/JingYa/124071016307.mp4,data/video/JingYa/124071016307_clip0006.mp4,50,139,89,24.0,24.0,370,576,1024,0,0.043386127799749374,audio_rms,active_segment_0_370
wangxing,JingYa,124071016307,7,data/video/canon/JingYa/124071016307.mp4,data/video/JingYa/124071016307_clip0007.mp4,60,149,89,24.0,24.0,370,576,1024,0,0.04803478717803955,audio_rms,active_segment_0_370
wangxing,JingYa,124071016307,8,data/video/canon/JingYa/124071016307.mp4,data/video/JingYa/124071016307_clip0008.mp4,70,159,89,24.0,24.0,370,576,1024,0,0.049750275909900665,audio_rms,active_segment_0_370
wangxing,JingYa,124071016307,9,data/video/canon/JingYa/124071016307.mp4,data/video/JingYa/124071016307_clip0009.mp4,80,169,89,24.0,24.0,370,576,1024,0,0.049848128110170364,audio_rms,active_segment_0_370
wangxing,JingYa,124071016307,10,data/video/canon/JingYa/124071016307.mp4,data/video/JingYa/124071016307_clip0010.mp4,90,179,89,24.0,24.0,370,576,1024,0,0.051528848707675934,audio_rms,active_segment_0_370
wangxing,JingYa,124071016307,11,data/video/canon/JingYa/124071016307.mp4,data/video/JingYa/124071016307_clip0011.mp4,100,189,89,24.0,24.0,370,576,1024,0,0.05732250586152077,audio_rms,active_segment_0_370
wangxing,JingYa,124071016307,12,data/video/canon/JingYa/124071016307.mp4,data/video/JingYa/124071016307_clip0012.mp4,110,199,89,24.0,24.0,370,576,1024,0,0.05215785279870033,audio_rms,active_segment_0_370
wangxing,JingYa,124071016307,13,data/video/canon/JingYa/124071016307.mp4,data/video/JingYa/124071016307_clip0013.mp4,120,209,89,24.0,24.0,370,576,1024,0,0.05099112167954445,audio_rms,active_segment_0_370
wangxing,JingYa,124071016307,14,data/video/canon/JingYa/124071016307.mp4,data/video/JingYa/124071016307_clip0014.mp4,130,219,89,24.0,24.0,370,576,1024,0,0.05149122327566147,audio_rms,active_segment_0_370
wangxing,JingYa,124071016307,15,data/video/canon/JingYa/124071016307.mp4,data/video/JingYa/124071016307_clip0015.mp4,140,229,89,24.0,24.0,370,576,1024,0,0.05048757791519165,audio_rms,active_segment_0_370
wangxing,JingYa,124071016307,16,data/video/canon/JingYa/124071016307.mp4,data/video/JingYa/124071016307_clip0016.mp4,150,239,89,24.0,24.0,370,576,1024,0,0.045993875712156296,audio_rms,active_segment_0_370
wangxing,JingYa,124071016307,17,data/video/canon/JingYa/124071016307.mp4,data/video/JingYa/124071016307_clip0017.mp4,160,249,89,24.0,24.0,370,576,1024,0,0.04484257102012634,audio_rms,active_segment_0_370
wangxing,JingYa,124071016307,18,data/video/canon/JingYa/124071016307.mp4,data/video/JingYa/124071016307_clip0018.mp4,170,259,89,24.0,24.0,370,576,1024,0,0.045138321816921234,audio_rms,active_segment_0_370
wangxing,JingYa,124071016307,19,data/video/canon/JingYa/124071016307.mp4,data/video/JingYa/124071016307_clip0019.mp4,180,269,89,24.0,24.0,370,576,1024,0,0.04609940946102142,audio_rms,active_segment_0_370
wangxing,JingYa,124071016307,20,data/video/canon/JingYa/124071016307.mp4,data/video/JingYa/124071016307_clip0020.mp4,190,279,89,24.0,24.0,370,576,1024,0,0.03903267905116081,audio_rms,active_segment_0_370
wangxing,JingYa,124071016307,21,data/video/canon/JingYa/124071016307.mp4,data/video/JingYa/124071016307_clip0021.mp4,200,289,89,24.0,24.0,370,576,1024,0,0.03683988004922867,audio_rms,active_segment_0_370
wangxing,JingYa,124071016307,22,data/video/canon/JingYa/124071016307.mp4,data/video/JingYa/124071016307_clip0022.mp4,210,299,89,24.0,24.0,370,576,1024,0,0.036035872995853424,audio_rms,active_segment_0_370
wangxing,JingYa,124071016307,23,data/video/canon/JingYa/124071016307.mp4,data/video/JingYa/124071016307_clip0023.mp4,220,309,89,24.0,24.0,370,576,1024,0,0.03563055396080017,audio_rms,active_segment_0_370
wangxing,JingYa,124071016307,24,data/video/canon/JingYa/124071016307.mp4,data/video/JingYa/124071016307_clip0024.mp4,230,319,89,24.0,24.0,370,576,1024,0,0.03543843701481819,audio_rms,active_segment_0_370
wangxing,JingYa,124071016307,25,data/video/canon/JingYa/124071016307.mp4,data/video/JingYa/124071016307_clip0025.mp4,240,329,89,24.0,24.0,370,576,1024,0,0.03484665974974632,audio_rms,active_segment_0_370
wangxing,JingYa,124071016307,26,data/video/canon/JingYa/124071016307.mp4,data/video/JingYa/124071016307_clip0026.mp4,250,339,89,24.0,24.0,370,576,1024,0,0.034735046327114105,audio_rms,active_segment_0_370
wangxing,JingYa,124071016307,27,data/video/canon/JingYa/124071016307.mp4,data/video/JingYa/124071016307_clip0027.mp4,260,349,89,24.0,24.0,370,576,1024,0,0.03524022921919823,audio_rms,active_segment_0_370
wangxing,JingYa,124071016307,28,data/video/canon/JingYa/124071016307.mp4,data/video/JingYa/124071016307_clip0028.mp4,270,359,89,24.0,24.0,370,576,1024,0,0.034333184361457825,audio_rms,active_segment_0_370
wangxing,JingYa,124071016307,29,data/video/canon/JingYa/124071016307.mp4,data/video/JingYa/124071016307_clip0029.mp4,280,369,89,24.0,24.0,370,576,1024,0,0.03258712589740753,audio_rms,active_segment_0_370
wangxing,JingYa,124071016307,30,data/video/canon/JingYa/124071016307.mp4,data/video/JingYa/124071016307_clip0030.mp4,281,370,89,24.0,24.0,370,576,1024,0,0.032350800931453705,audio_rms,active_segment_0_370_tail
wangxing,KongJu,124071016307,1,data/video/canon/KongJu/124071016307.mp4,data/video/KongJu/124071016307_clip0001.mp4,46,135,89,24.0,24.0,328,576,1024,0,0.13279229402542114,audio_rms,active_segment_68_150
wangxing,KongJu,124071016307,2,data/video/canon/KongJu/124071016307.mp4,data/video/KongJu/124071016307_clip0002.mp4,56,145,89,24.0,24.0,328,576,1024,0,0.14370350539684296,audio_rms,active_segment_68_150
wangxing,KongJu,124071016307,3,data/video/canon/KongJu/124071016307.mp4,data/video/KongJu/124071016307_clip0003.mp4,66,155,89,24.0,24.0,328,576,1024,0,0.1478498876094818,audio_rms,active_segment_68_150
wangxing,KongJu,124071016307,4,data/video/canon/KongJu/124071016307.mp4,data/video/KongJu/124071016307_clip0004.mp4,76,165,89,24.0,24.0,328,576,1024,0,0.1383173167705536,audio_rms,active_segment_68_150
wangxing,KongJu,124071016307,5,data/video/canon/KongJu/124071016307.mp4,data/video/KongJu/124071016307_clip0005.mp4,83,172,89,24.0,24.0,328,576,1024,0,0.12216326594352722,audio_rms,active_segment_68_150_tail
wangxing,KongJu,124071016307,6,data/video/canon/KongJu/124071016307.mp4,data/video/KongJu/124071016307_clip0006.mp4,238,327,89,24.0,24.0,328,576,1024,0,0.06547354906797409,audio_rms,active_segment_266_298
wangxing,Neutral,124071016307,1,data/video/canon/Neutral/124071016307.mp4,data/video/Neutral/124071016307_clip0001.mp4,0,89,89,24.0,24.0,192,576,1024,0,0.028509225696325302,audio_rms,active_segment_0_192
wangxing,Neutral,124071016307,2,data/video/canon/Neutral/124071016307.mp4,data/video/Neutral/124071016307_clip0002.mp4,10,99,89,24.0,24.0,192,576,1024,0,0.02901933155953884,audio_rms,active_segment_0_192
wangxing,Neutral,124071016307,3,data/video/canon/Neutral/124071016307.mp4,data/video/Neutral/124071016307_clip0003.mp4,20,109,89,24.0,24.0,192,576,1024,0,0.029359174892306328,audio_rms,active_segment_0_192
wangxing,Neutral,124071016307,4,data/video/canon/Neutral/124071016307.mp4,data/video/Neutral/124071016307_clip0004.mp4,30,119,89,24.0,24.0,192,576,1024,0,0.029601456597447395,audio_rms,active_segment_0_192
wangxing,Neutral,124071016307,5,data/video/canon/Neutral/124071016307.mp4,data/video/Neutral/124071016307_clip0005.mp4,40,129,89,24.0,24.0,192,576,1024,0,0.02969815582036972,audio_rms,active_segment_0_192
wangxing,Neutral,124071016307,6,data/video/canon/Neutral/124071016307.mp4,data/video/Neutral/124071016307_clip0006.mp4,50,139,89,24.0,24.0,192,576,1024,0,0.029725441709160805,audio_rms,active_segment_0_192
wangxing,Neutral,124071016307,7,data/video/canon/Neutral/124071016307.mp4,data/video/Neutral/124071016307_clip0007.mp4,60,149,89,24.0,24.0,192,576,1024,0,0.0298073161393404,audio_rms,active_segment_0_192
wangxing,Neutral,124071016307,8,data/video/canon/Neutral/124071016307.mp4,data/video/Neutral/124071016307_clip0008.mp4,70,159,89,24.0,24.0,192,576,1024,0,0.02985779009759426,audio_rms,active_segment_0_192
wangxing,Neutral,124071016307,9,data/video/canon/Neutral/124071016307.mp4,data/video/Neutral/124071016307_clip0009.mp4,80,169,89,24.0,24.0,192,576,1024,0,0.029785646125674248,audio_rms,active_segment_0_192
wangxing,Neutral,124071016307,10,data/video/canon/Neutral/124071016307.mp4,data/video/Neutral/124071016307_clip0010.mp4,90,179,89,24.0,24.0,192,576,1024,0,0.02956809662282467,audio_rms,active_segment_0_192
wangxing,Neutral,124071016307,11,data/video/canon/Neutral/124071016307.mp4,data/video/Neutral/124071016307_clip0011.mp4,100,189,89,24.0,24.0,192,576,1024,0,0.030862344428896904,audio_rms,active_segment_0_192
wangxing,Neutral,124071016307,12,data/video/canon/Neutral/124071016307.mp4,data/video/Neutral/124071016307_clip0012.mp4,103,192,89,24.0,24.0,192,576,1024,0,0.030926648527383804,audio_rms,active_segment_0_192_tail
wangxing,RaoKouLing1,124071016307,1,data/video/canon/RaoKouLing1/124071016307.mp4,data/video/RaoKouLing1/124071016307_clip0001.mp4,530,619,89,24.0,24.0,927,576,1024,0,0.08877220749855042,audio_rms,active_segment_560_589
wangxing,RaoKouLing2,124071016307,1,data/video/canon/RaoKouLing2/124071016307.mp4,data/video/RaoKouLing2/124071016307_clip0001.mp4,99,188,89,24.0,24.0,1080,576,1024,0,0.07883412390947342,audio_rms,active_segment_122_164
wangxing,RaoKouLing2,124071016307,2,data/video/canon/RaoKouLing2/124071016307.mp4,data/video/RaoKouLing2/124071016307_clip0002.mp4,361,450,89,24.0,24.0,1080,576,1024,0,0.0816025659441948,audio_rms,active_segment_383_433
wangxing,RaoKouLing2,124071016307,3,data/video/canon/RaoKouLing2/124071016307.mp4,data/video/RaoKouLing2/124071016307_clip0003.mp4,366,455,89,24.0,24.0,1080,576,1024,0,0.08160243183374405,audio_rms,active_segment_383_433_tail
wangxing,RaoKouLing2,124071016307,4,data/video/canon/RaoKouLing2/124071016307.mp4,data/video/RaoKouLing2/124071016307_clip0004.mp4,607,696,89,24.0,24.0,1080,576,1024,0,0.0839683786034584,audio_rms,active_segment_629_702
wangxing,RaoKouLing2,124071016307,5,data/video/canon/RaoKouLing2/124071016307.mp4,data/video/RaoKouLing2/124071016307_clip0005.mp4,617,706,89,24.0,24.0,1080,576,1024,0,0.08762200176715851,audio_rms,active_segment_629_702
wangxing,RaoKouLing2,124071016307,6,data/video/canon/RaoKouLing2/124071016307.mp4,data/video/RaoKouLing2/124071016307_clip0006.mp4,627,716,89,24.0,24.0,1080,576,1024,0,0.08616701513528824,audio_rms,active_segment_629_702
wangxing,RaoKouLing2,124071016307,7,data/video/canon/RaoKouLing2/124071016307.mp4,data/video/RaoKouLing2/124071016307_clip0007.mp4,635,724,89,24.0,24.0,1080,576,1024,0,0.0830739438533783,audio_rms,active_segment_629_702_tail
wangxing,RaoKouLing2,124071016307,8,data/video/canon/RaoKouLing2/124071016307.mp4,data/video/RaoKouLing2/124071016307_clip0008.mp4,761,850,89,24.0,24.0,1080,576,1024,0,0.07551326602697372,audio_rms,active_segment_791_820
wangxing,ShengQi,124071016307,1,data/video/canon/ShengQi/124071016307.mp4,data/video/ShengQi/124071016307_clip0001.mp4,110,199,89,24.0,24.0,719,576,1024,0,0.03986620903015137,audio_rms,active_segment_132_178
wangxing,ShengQi,124071016307,2,data/video/canon/ShengQi/124071016307.mp4,data/video/ShengQi/124071016307_clip0002.mp4,111,200,89,24.0,24.0,719,576,1024,0,0.039896465837955475,audio_rms,active_segment_132_178_tail
wangxing,ShengQi,124071016307,3,data/video/canon/ShengQi/124071016307.mp4,data/video/ShengQi/124071016307_clip0003.mp4,271,360,89,24.0,24.0,719,576,1024,0,0.03572770208120346,audio_rms,active_segment_297_334
wangxing,ShengQi,124071016307,4,data/video/canon/ShengQi/124071016307.mp4,data/video/ShengQi/124071016307_clip0004.mp4,564,653,89,24.0,24.0,719,576,1024,0,0.04560074210166931,audio_rms,active_segment_591_625
wangxing,Xiao,124071016307,1,data/video/canon/Xiao/124071016307.mp4,data/video/Xiao/124071016307_clip0001.mp4,123,212,89,24.0,24.0,316,576,1024,0,0.037861768156290054,audio_rms,active_segment_148_186
wangxing,Xiao,124071016307,2,data/video/canon/Xiao/124071016307.mp4,data/video/Xiao/124071016307_clip0002.mp4,191,280,89,24.0,24.0,316,576,1024,0,0.0397472120821476,audio_rms,active_segment_220_251
wangxing,XinWenGao1,124071016307,1,data/video/canon/XinWenGao1/124071016307.mp4,data/video/XinWenGao1/124071016307_clip0001.mp4,151,240,89,24.0,24.0,983,576,1024,0,0.09159731864929199,audio_rms,active_segment_173_238
wangxing,XinWenGao1,124071016307,2,data/video/canon/XinWenGao1/124071016307.mp4,data/video/XinWenGao1/124071016307_clip0002.mp4,161,250,89,24.0,24.0,983,576,1024,0,0.09398303180932999,audio_rms,active_segment_173_238
wangxing,XinWenGao1,124071016307,3,data/video/canon/XinWenGao1/124071016307.mp4,data/video/XinWenGao1/124071016307_clip0003.mp4,171,260,89,24.0,24.0,983,576,1024,0,0.09986180067062378,audio_rms,active_segment_173_238
wangxing,XinWenGao1,124071016307,4,data/video/canon/XinWenGao1/124071016307.mp4,data/video/XinWenGao1/124071016307_clip0004.mp4,352,441,89,24.0,24.0,983,576,1024,0,0.0882771760225296,audio_rms,active_segment_379_414
wangxing,XinWenGao1,124071016307,5,data/video/canon/XinWenGao1/124071016307.mp4,data/video/XinWenGao1/124071016307_clip0005.mp4,520,609,89,24.0,24.0,983,576,1024,0,0.08272574096918106,audio_rms,active_segment_550_579
wangxing,XinWenGao1,124071016307,6,data/video/canon/XinWenGao1/124071016307.mp4,data/video/XinWenGao1/124071016307_clip0006.mp4,772,861,89,24.0,24.0,983,576,1024,0,0.09101640433073044,audio_rms,active_segment_802_831
wangxing,XinWenGao2,124071016307,1,data/video/canon/XinWenGao2/124071016307.mp4,data/video/XinWenGao2/124071016307_clip0001.mp4,604,693,89,24.0,24.0,1085,576,1024,0,0.0800914391875267,audio_rms,active_segment_626_712
wangxing,XinWenGao2,124071016307,2,data/video/canon/XinWenGao2/124071016307.mp4,data/video/XinWenGao2/124071016307_clip0002.mp4,614,703,89,24.0,24.0,1085,576,1024,0,0.08165581524372101,audio_rms,active_segment_626_712
wangxing,XinWenGao2,124071016307,3,data/video/canon/XinWenGao2/124071016307.mp4,data/video/XinWenGao2/124071016307_clip0003.mp4,624,713,89,24.0,24.0,1085,576,1024,0,0.08726969361305237,audio_rms,active_segment_626_712
wangxing,XinWenGao2,124071016307,4,data/video/canon/XinWenGao2/124071016307.mp4,data/video/XinWenGao2/124071016307_clip0004.mp4,634,723,89,24.0,24.0,1085,576,1024,0,0.08436363190412521,audio_rms,active_segment_626_712
wangxing,XinWenGao2,124071016307,5,data/video/canon/XinWenGao2/124071016307.mp4,data/video/XinWenGao2/124071016307_clip0005.mp4,644,733,89,24.0,24.0,1085,576,1024,0,0.0822514146566391,audio_rms,active_segment_626_712
wangxing,XinWenGao2,124071016307,6,data/video/canon/XinWenGao2/124071016307.mp4,data/video/XinWenGao2/124071016307_clip0006.mp4,645,734,89,24.0,24.0,1085,576,1024,0,0.08181852102279663,audio_rms,active_segment_626_712_tail
wangxing,XinWenGao2,124071016307,7,data/video/canon/XinWenGao2/124071016307.mp4,data/video/XinWenGao2/124071016307_clip0007.mp4,836,925,89,24.0,24.0,1085,576,1024,0,0.0713975802063942,audio_rms,active_segment_863_898
wangxing,YanWu,124071016307,1,data/video/canon/YanWu/124071016307.mp4,data/video/YanWu/124071016307_clip0001.mp4,10,99,89,24.0,24.0,348,576,1024,0,0.03277969732880592,audio_rms,active_segment_39_70
wangxing,YanWu,124071016307,2,data/video/canon/YanWu/124071016307.mp4,data/video/YanWu/124071016307_clip0002.mp4,249,338,89,24.0,24.0,348,576,1024,0,0.031038448214530945,audio_rms,active_segment_271_344
wangxing,YanWu,124071016307,3,data/video/canon/YanWu/124071016307.mp4,data/video/YanWu/124071016307_clip0003.mp4,259,348,89,24.0,24.0,348,576,1024,0,0.031256671994924545,audio_rms,active_segment_271_344
wangxing,YingWenZiMu,124071016307,1,data/video/canon/YingWenZiMu/124071016307.mp4,data/video/YingWenZiMu/124071016307_clip0001.mp4,0,89,89,24.0,24.0,960,576,1024,0,0.03386519104242325,audio_rms,active_segment_0_960
wangxing,YingWenZiMu,124071016307,2,data/video/canon/YingWenZiMu/124071016307.mp4,data/video/YingWenZiMu/124071016307_clip0002.mp4,10,99,89,24.0,24.0,960,576,1024,0,0.039424456655979156,audio_rms,active_segment_0_960
wangxing,YingWenZiMu,124071016307,3,data/video/canon/YingWenZiMu/124071016307.mp4,data/video/YingWenZiMu/124071016307_clip0003.mp4,20,109,89,24.0,24.0,960,576,1024,0,0.04068153351545334,audio_rms,active_segment_0_960
wangxing,YingWenZiMu,124071016307,4,data/video/canon/YingWenZiMu/124071016307.mp4,data/video/YingWenZiMu/124071016307_clip0004.mp4,30,119,89,24.0,24.0,960,576,1024,0,0.04123804345726967,audio_rms,active_segment_0_960
wangxing,YingWenZiMu,124071016307,5,data/video/canon/YingWenZiMu/124071016307.mp4,data/video/YingWenZiMu/124071016307_clip0005.mp4,40,129,89,24.0,24.0,960,576,1024,0,0.04663316160440445,audio_rms,active_segment_0_960
wangxing,YingWenZiMu,124071016307,6,data/video/canon/YingWenZiMu/124071016307.mp4,data/video/YingWenZiMu/124071016307_clip0006.mp4,50,139,89,24.0,24.0,960,576,1024,0,0.04706420749425888,audio_rms,active_segment_0_960
wangxing,YingWenZiMu,124071016307,7,data/video/canon/YingWenZiMu/124071016307.mp4,data/video/YingWenZiMu/124071016307_clip0007.mp4,60,149,89,24.0,24.0,960,576,1024,0,0.04499915987253189,audio_rms,active_segment_0_960
wangxing,YingWenZiMu,124071016307,8,data/video/canon/YingWenZiMu/124071016307.mp4,data/video/YingWenZiMu/124071016307_clip0008.mp4,70,159,89,24.0,24.0,960,576,1024,0,0.04808482155203819,audio_rms,active_segment_0_960
wangxing,YingWenZiMu,124071016307,9,data/video/canon/YingWenZiMu/124071016307.mp4,data/video/YingWenZiMu/124071016307_clip0009.mp4,80,169,89,24.0,24.0,960,576,1024,0,0.05238114669919014,audio_rms,active_segment_0_960
wangxing,YingWenZiMu,124071016307,10,data/video/canon/YingWenZiMu/124071016307.mp4,data/video/YingWenZiMu/124071016307_clip0010.mp4,90,179,89,24.0,24.0,960,576,1024,0,0.05202966183423996,audio_rms,active_segment_0_960
wangxing,YingWenZiMu,124071016307,11,data/video/canon/YingWenZiMu/124071016307.mp4,data/video/YingWenZiMu/124071016307_clip0011.mp4,100,189,89,24.0,24.0,960,576,1024,0,0.049569010734558105,audio_rms,active_segment_0_960
wangxing,YingWenZiMu,124071016307,12,data/video/canon/YingWenZiMu/124071016307.mp4,data/video/YingWenZiMu/124071016307_clip0012.mp4,110,199,89,24.0,24.0,960,576,1024,0,0.052745528519153595,audio_rms,active_segment_0_960
wangxing,YingWenZiMu,124071016307,13,data/video/canon/YingWenZiMu/124071016307.mp4,data/video/YingWenZiMu/124071016307_clip0013.mp4,120,209,89,24.0,24.0,960,576,1024,0,0.05149776116013527,audio_rms,active_segment_0_960
wangxing,YingWenZiMu,124071016307,14,data/video/canon/YingWenZiMu/124071016307.mp4,data/video/YingWenZiMu/124071016307_clip0014.mp4,130,219,89,24.0,24.0,960,576,1024,0,0.046453144401311874,audio_rms,active_segment_0_960
wangxing,YingWenZiMu,124071016307,15,data/video/canon/YingWenZiMu/124071016307.mp4,data/video/YingWenZiMu/124071016307_clip0015.mp4,140,229,89,24.0,24.0,960,576,1024,0,0.051962852478027344,audio_rms,active_segment_0_960
wangxing,YingWenZiMu,124071016307,16,data/video/canon/YingWenZiMu/124071016307.mp4,data/video/YingWenZiMu/124071016307_clip0016.mp4,150,239,89,24.0,24.0,960,576,1024,0,0.053029682487249374,audio_rms,active_segment_0_960
wangxing,YingWenZiMu,124071016307,17,data/video/canon/YingWenZiMu/124071016307.mp4,data/video/YingWenZiMu/124071016307_clip0017.mp4,160,249,89,24.0,24.0,960,576,1024,0,0.04854241758584976,audio_rms,active_segment_0_960
wangxing,YingWenZiMu,124071016307,18,data/video/canon/YingWenZiMu/124071016307.mp4,data/video/YingWenZiMu/124071016307_clip0018.mp4,170,259,89,24.0,24.0,960,576,1024,0,0.049925513565540314,audio_rms,active_segment_0_960
wangxing,YingWenZiMu,124071016307,19,data/video/canon/YingWenZiMu/124071016307.mp4,data/video/YingWenZiMu/124071016307_clip0019.mp4,180,269,89,24.0,24.0,960,576,1024,0,0.05180035158991814,audio_rms,active_segment_0_960
wangxing,YingWenZiMu,124071016307,20,data/video/canon/YingWenZiMu/124071016307.mp4,data/video/YingWenZiMu/124071016307_clip0020.mp4,190,279,89,24.0,24.0,960,576,1024,0,0.04917308688163757,audio_rms,active_segment_0_960
wangxing,YingWenZiMu,124071016307,21,data/video/canon/YingWenZiMu/124071016307.mp4,data/video/YingWenZiMu/124071016307_clip0021.mp4,200,289,89,24.0,24.0,960,576,1024,0,0.050438761711120605,audio_rms,active_segment_0_960
wangxing,YingWenZiMu,124071016307,22,data/video/canon/YingWenZiMu/124071016307.mp4,data/video/YingWenZiMu/124071016307_clip0022.mp4,210,299,89,24.0,24.0,960,576,1024,0,0.051055654883384705,audio_rms,active_segment_0_960
wangxing,YingWenZiMu,124071016307,23,data/video/canon/YingWenZiMu/124071016307.mp4,data/video/YingWenZiMu/124071016307_clip0023.mp4,220,309,89,24.0,24.0,960,576,1024,0,0.051909804344177246,audio_rms,active_segment_0_960
wangxing,YingWenZiMu,124071016307,24,data/video/canon/YingWenZiMu/124071016307.mp4,data/video/YingWenZiMu/124071016307_clip0024.mp4,230,319,89,24.0,24.0,960,576,1024,0,0.049841124564409256,audio_rms,active_segment_0_960
wangxing,YingWenZiMu,124071016307,25,data/video/canon/YingWenZiMu/124071016307.mp4,data/video/YingWenZiMu/124071016307_clip0025.mp4,240,329,89,24.0,24.0,960,576,1024,0,0.049202896654605865,audio_rms,active_segment_0_960
wangxing,YingWenZiMu,124071016307,26,data/video/canon/YingWenZiMu/124071016307.mp4,data/video/YingWenZiMu/124071016307_clip0026.mp4,250,339,89,24.0,24.0,960,576,1024,0,0.05035821348428726,audio_rms,active_segment_0_960
wangxing,YingWenZiMu,124071016307,27,data/video/canon/YingWenZiMu/124071016307.mp4,data/video/YingWenZiMu/124071016307_clip0027.mp4,260,349,89,24.0,24.0,960,576,1024,0,0.05071905627846718,audio_rms,active_segment_0_960
wangxing,YingWenZiMu,124071016307,28,data/video/canon/YingWenZiMu/124071016307.mp4,data/video/YingWenZiMu/124071016307_clip0028.mp4,270,359,89,24.0,24.0,960,576,1024,0,0.04991603642702103,audio_rms,active_segment_0_960
wangxing,YingWenZiMu,124071016307,29,data/video/canon/YingWenZiMu/124071016307.mp4,data/video/YingWenZiMu/124071016307_clip0029.mp4,280,369,89,24.0,24.0,960,576,1024,0,0.049389127641916275,audio_rms,active_segment_0_960
wangxing,YingWenZiMu,124071016307,30,data/video/canon/YingWenZiMu/124071016307.mp4,data/video/YingWenZiMu/124071016307_clip0030.mp4,290,379,89,24.0,24.0,960,576,1024,0,0.05109106004238129,audio_rms,active_segment_0_960
wangxing,YingWenZiMu,124071016307,31,data/video/canon/YingWenZiMu/124071016307.mp4,data/video/YingWenZiMu/124071016307_clip0031.mp4,300,389,89,24.0,24.0,960,576,1024,0,0.05195536091923714,audio_rms,active_segment_0_960
wangxing,YingWenZiMu,124071016307,32,data/video/canon/YingWenZiMu/124071016307.mp4,data/video/YingWenZiMu/124071016307_clip0032.mp4,310,399,89,24.0,24.0,960,576,1024,0,0.051365867257118225,audio_rms,active_segment_0_960
wangxing,YingWenZiMu,124071016307,33,data/video/canon/YingWenZiMu/124071016307.mp4,data/video/YingWenZiMu/124071016307_clip0033.mp4,320,409,89,24.0,24.0,960,576,1024,0,0.054203376173973083,audio_rms,active_segment_0_960
wangxing,YingWenZiMu,124071016307,34,data/video/canon/YingWenZiMu/124071016307.mp4,data/video/YingWenZiMu/124071016307_clip0034.mp4,330,419,89,24.0,24.0,960,576,1024,0,0.05484067648649216,audio_rms,active_segment_0_960
wangxing,YingWenZiMu,124071016307,35,data/video/canon/YingWenZiMu/124071016307.mp4,data/video/YingWenZiMu/124071016307_clip0035.mp4,340,429,89,24.0,24.0,960,576,1024,0,0.0535525418817997,audio_rms,active_segment_0_960
wangxing,YingWenZiMu,124071016307,36,data/video/canon/YingWenZiMu/124071016307.mp4,data/video/YingWenZiMu/124071016307_clip0036.mp4,350,439,89,24.0,24.0,960,576,1024,0,0.05745503678917885,audio_rms,active_segment_0_960
wangxing,YingWenZiMu,124071016307,37,data/video/canon/YingWenZiMu/124071016307.mp4,data/video/YingWenZiMu/124071016307_clip0037.mp4,360,449,89,24.0,24.0,960,576,1024,0,0.06032223626971245,audio_rms,active_segment_0_960
wangxing,YingWenZiMu,124071016307,38,data/video/canon/YingWenZiMu/124071016307.mp4,data/video/YingWenZiMu/124071016307_clip0038.mp4,370,459,89,24.0,24.0,960,576,1024,0,0.05924876779317856,audio_rms,active_segment_0_960
wangxing,YingWenZiMu,124071016307,39,data/video/canon/YingWenZiMu/124071016307.mp4,data/video/YingWenZiMu/124071016307_clip0039.mp4,380,469,89,24.0,24.0,960,576,1024,0,0.05359213054180145,audio_rms,active_segment_0_960
wangxing,YingWenZiMu,124071016307,40,data/video/canon/YingWenZiMu/124071016307.mp4,data/video/YingWenZiMu/124071016307_clip0040.mp4,390,479,89,24.0,24.0,960,576,1024,0,0.06016908958554268,audio_rms,active_segment_0_960
wangxing,YingWenZiMu,124071016307,41,data/video/canon/YingWenZiMu/124071016307.mp4,data/video/YingWenZiMu/124071016307_clip0041.mp4,400,489,89,24.0,24.0,960,576,1024,0,0.06039540097117424,audio_rms,active_segment_0_960
wangxing,YingWenZiMu,124071016307,42,data/video/canon/YingWenZiMu/124071016307.mp4,data/video/YingWenZiMu/124071016307_clip0042.mp4,410,499,89,24.0,24.0,960,576,1024,0,0.054270949214696884,audio_rms,active_segment_0_960
wangxing,YingWenZiMu,124071016307,43,data/video/canon/YingWenZiMu/124071016307.mp4,data/video/YingWenZiMu/124071016307_clip0043.mp4,420,509,89,24.0,24.0,960,576,1024,0,0.0619814433157444,audio_rms,active_segment_0_960
wangxing,YingWenZiMu,124071016307,44,data/video/canon/YingWenZiMu/124071016307.mp4,data/video/YingWenZiMu/124071016307_clip0044.mp4,430,519,89,24.0,24.0,960,576,1024,0,0.06821548938751221,audio_rms,active_segment_0_960
wangxing,YingWenZiMu,124071016307,45,data/video/canon/YingWenZiMu/124071016307.mp4,data/video/YingWenZiMu/124071016307_clip0045.mp4,440,529,89,24.0,24.0,960,576,1024,0,0.05866948515176773,audio_rms,active_segment_0_960
wangxing,YingWenZiMu,124071016307,46,data/video/canon/YingWenZiMu/124071016307.mp4,data/video/YingWenZiMu/124071016307_clip0046.mp4,450,539,89,24.0,24.0,960,576,1024,0,0.056265540421009064,audio_rms,active_segment_0_960
wangxing,YingWenZiMu,124071016307,47,data/video/canon/YingWenZiMu/124071016307.mp4,data/video/YingWenZiMu/124071016307_clip0047.mp4,460,549,89,24.0,24.0,960,576,1024,0,0.062294211238622665,audio_rms,active_segment_0_960
wangxing,YingWenZiMu,124071016307,48,data/video/canon/YingWenZiMu/124071016307.mp4,data/video/YingWenZiMu/124071016307_clip0048.mp4,470,559,89,24.0,24.0,960,576,1024,0,0.06691811978816986,audio_rms,active_segment_0_960
wangxing,YingWenZiMu,124071016307,49,data/video/canon/YingWenZiMu/124071016307.mp4,data/video/YingWenZiMu/124071016307_clip0049.mp4,480,569,89,24.0,24.0,960,576,1024,0,0.05939377471804619,audio_rms,active_segment_0_960
wangxing,YingWenZiMu,124071016307,50,data/video/canon/YingWenZiMu/124071016307.mp4,data/video/YingWenZiMu/124071016307_clip0050.mp4,490,579,89,24.0,24.0,960,576,1024,0,0.060255393385887146,audio_rms,active_segment_0_960
wangxing,YingWenZiMu,124071016307,51,data/video/canon/YingWenZiMu/124071016307.mp4,data/video/YingWenZiMu/124071016307_clip0051.mp4,500,589,89,24.0,24.0,960,576,1024,0,0.06462239474058151,audio_rms,active_segment_0_960
wangxing,YingWenZiMu,124071016307,52,data/video/canon/YingWenZiMu/124071016307.mp4,data/video/YingWenZiMu/124071016307_clip0052.mp4,510,599,89,24.0,24.0,960,576,1024,0,0.05544332414865494,audio_rms,active_segment_0_960
wangxing,YingWenZiMu,124071016307,53,data/video/canon/YingWenZiMu/124071016307.mp4,data/video/YingWenZiMu/124071016307_clip0053.mp4,520,609,89,24.0,24.0,960,576,1024,0,0.052815571427345276,audio_rms,active_segment_0_960
wangxing,YingWenZiMu,124071016307,54,data/video/canon/YingWenZiMu/124071016307.mp4,data/video/YingWenZiMu/124071016307_clip0054.mp4,530,619,89,24.0,24.0,960,576,1024,0,0.0575142540037632,audio_rms,active_segment_0_960
wangxing,YingWenZiMu,124071016307,55,data/video/canon/YingWenZiMu/124071016307.mp4,data/video/YingWenZiMu/124071016307_clip0055.mp4,540,629,89,24.0,24.0,960,576,1024,0,0.05735485255718231,audio_rms,active_segment_0_960
wangxing,YingWenZiMu,124071016307,56,data/video/canon/YingWenZiMu/124071016307.mp4,data/video/YingWenZiMu/124071016307_clip0056.mp4,550,639,89,24.0,24.0,960,576,1024,0,0.0558493435382843,audio_rms,active_segment_0_960
wangxing,YingWenZiMu,124071016307,57,data/video/canon/YingWenZiMu/124071016307.mp4,data/video/YingWenZiMu/124071016307_clip0057.mp4,560,649,89,24.0,24.0,960,576,1024,0,0.05453554913401604,audio_rms,active_segment_0_960
wangxing,YingWenZiMu,124071016307,58,data/video/canon/YingWenZiMu/124071016307.mp4,data/video/YingWenZiMu/124071016307_clip0058.mp4,570,659,89,24.0,24.0,960,576,1024,0,0.054500237107276917,audio_rms,active_segment_0_960
wangxing,YingWenZiMu,124071016307,59,data/video/canon/YingWenZiMu/124071016307.mp4,data/video/YingWenZiMu/124071016307_clip0059.mp4,580,669,89,24.0,24.0,960,576,1024,0,0.05588068440556526,audio_rms,active_segment_0_960
wangxing,YingWenZiMu,124071016307,60,data/video/canon/YingWenZiMu/124071016307.mp4,data/video/YingWenZiMu/124071016307_clip0060.mp4,590,679,89,24.0,24.0,960,576,1024,0,0.05449221655726433,audio_rms,active_segment_0_960
wangxing,YingWenZiMu,124071016307,61,data/video/canon/YingWenZiMu/124071016307.mp4,data/video/YingWenZiMu/124071016307_clip0061.mp4,600,689,89,24.0,24.0,960,576,1024,0,0.05442814901471138,audio_rms,active_segment_0_960
wangxing,YingWenZiMu,124071016307,62,data/video/canon/YingWenZiMu/124071016307.mp4,data/video/YingWenZiMu/124071016307_clip0062.mp4,610,699,89,24.0,24.0,960,576,1024,0,0.053213655948638916,audio_rms,active_segment_0_960
wangxing,YingWenZiMu,124071016307,63,data/video/canon/YingWenZiMu/124071016307.mp4,data/video/YingWenZiMu/124071016307_clip0063.mp4,620,709,89,24.0,24.0,960,576,1024,0,0.050444066524505615,audio_rms,active_segment_0_960
wangxing,YingWenZiMu,124071016307,64,data/video/canon/YingWenZiMu/124071016307.mp4,data/video/YingWenZiMu/124071016307_clip0064.mp4,630,719,89,24.0,24.0,960,576,1024,0,0.050534751266241074,audio_rms,active_segment_0_960
wangxing,YingWenZiMu,124071016307,65,data/video/canon/YingWenZiMu/124071016307.mp4,data/video/YingWenZiMu/124071016307_clip0065.mp4,640,729,89,24.0,24.0,960,576,1024,0,0.0482056550681591,audio_rms,active_segment_0_960
wangxing,YingWenZiMu,124071016307,66,data/video/canon/YingWenZiMu/124071016307.mp4,data/video/YingWenZiMu/124071016307_clip0066.mp4,650,739,89,24.0,24.0,960,576,1024,0,0.0554131381213665,audio_rms,active_segment_0_960
wangxing,YingWenZiMu,124071016307,67,data/video/canon/YingWenZiMu/124071016307.mp4,data/video/YingWenZiMu/124071016307_clip0067.mp4,660,749,89,24.0,24.0,960,576,1024,0,0.055787183344364166,audio_rms,active_segment_0_960
wangxing,YingWenZiMu,124071016307,68,data/video/canon/YingWenZiMu/124071016307.mp4,data/video/YingWenZiMu/124071016307_clip0068.mp4,670,759,89,24.0,24.0,960,576,1024,0,0.052605461329221725,audio_rms,active_segment_0_960
wangxing,YingWenZiMu,124071016307,69,data/video/canon/YingWenZiMu/124071016307.mp4,data/video/YingWenZiMu/124071016307_clip0069.mp4,680,769,89,24.0,24.0,960,576,1024,0,0.057023122906684875,audio_rms,active_segment_0_960
wangxing,YingWenZiMu,124071016307,70,data/video/canon/YingWenZiMu/124071016307.mp4,data/video/YingWenZiMu/124071016307_clip0070.mp4,690,779,89,24.0,24.0,960,576,1024,0,0.05740021541714668,audio_rms,active_segment_0_960
wangxing,YingWenZiMu,124071016307,71,data/video/canon/YingWenZiMu/124071016307.mp4,data/video/YingWenZiMu/124071016307_clip0071.mp4,700,789,89,24.0,24.0,960,576,1024,0,0.05466814339160919,audio_rms,active_segment_0_960
wangxing,YingWenZiMu,124071016307,72,data/video/canon/YingWenZiMu/124071016307.mp4,data/video/YingWenZiMu/124071016307_clip0072.mp4,710,799,89,24.0,24.0,960,576,1024,0,0.06131308898329735,audio_rms,active_segment_0_960
wangxing,YingWenZiMu,124071016307,73,data/video/canon/YingWenZiMu/124071016307.mp4,data/video/YingWenZiMu/124071016307_clip0073.mp4,720,809,89,24.0,24.0,960,576,1024,0,0.0640106275677681,audio_rms,active_segment_0_960
wangxing,YingWenZiMu,124071016307,74,data/video/canon/YingWenZiMu/124071016307.mp4,data/video/YingWenZiMu/124071016307_clip0074.mp4,730,819,89,24.0,24.0,960,576,1024,0,0.059312816709280014,audio_rms,active_segment_0_960
wangxing,YingWenZiMu,124071016307,75,data/video/canon/YingWenZiMu/124071016307.mp4,data/video/YingWenZiMu/124071016307_clip0075.mp4,740,829,89,24.0,24.0,960,576,1024,0,0.05446073040366173,audio_rms,active_segment_0_960
wangxing,YingWenZiMu,124071016307,76,data/video/canon/YingWenZiMu/124071016307.mp4,data/video/YingWenZiMu/124071016307_clip0076.mp4,750,839,89,24.0,24.0,960,576,1024,0,0.05521690100431442,audio_rms,active_segment_0_960
wangxing,YingWenZiMu,124071016307,77,data/video/canon/YingWenZiMu/124071016307.mp4,data/video/YingWenZiMu/124071016307_clip0077.mp4,760,849,89,24.0,24.0,960,576,1024,0,0.05297928303480148,audio_rms,active_segment_0_960
wangxing,YingWenZiMu,124071016307,78,data/video/canon/YingWenZiMu/124071016307.mp4,data/video/YingWenZiMu/124071016307_clip0078.mp4,770,859,89,24.0,24.0,960,576,1024,0,0.05338485538959503,audio_rms,active_segment_0_960
wangxing,YingWenZiMu,124071016307,79,data/video/canon/YingWenZiMu/124071016307.mp4,data/video/YingWenZiMu/124071016307_clip0079.mp4,780,869,89,24.0,24.0,960,576,1024,0,0.05451691150665283,audio_rms,active_segment_0_960
wangxing,YingWenZiMu,124071016307,80,data/video/canon/YingWenZiMu/124071016307.mp4,data/video/YingWenZiMu/124071016307_clip0080.mp4,790,879,89,24.0,24.0,960,576,1024,0,0.05363393574953079,audio_rms,active_segment_0_960
wangxing,YingWenZiMu,124071016307,81,data/video/canon/YingWenZiMu/124071016307.mp4,data/video/YingWenZiMu/124071016307_clip0081.mp4,800,889,89,24.0,24.0,960,576,1024,0,0.050328366458415985,audio_rms,active_segment_0_960
wangxing,YingWenZiMu,124071016307,82,data/video/canon/YingWenZiMu/124071016307.mp4,data/video/YingWenZiMu/124071016307_clip0082.mp4,810,899,89,24.0,24.0,960,576,1024,0,0.04984702542424202,audio_rms,active_segment_0_960
wangxing,YingWenZiMu,124071016307,83,data/video/canon/YingWenZiMu/124071016307.mp4,data/video/YingWenZiMu/124071016307_clip0083.mp4,820,909,89,24.0,24.0,960,576,1024,0,0.049301356077194214,audio_rms,active_segment_0_960
wangxing,YingWenZiMu,124071016307,84,data/video/canon/YingWenZiMu/124071016307.mp4,data/video/YingWenZiMu/124071016307_clip0084.mp4,830,919,89,24.0,24.0,960,576,1024,0,0.046133384108543396,audio_rms,active_segment_0_960
wangxing,YingWenZiMu,124071016307,85,data/video/canon/YingWenZiMu/124071016307.mp4,data/video/YingWenZiMu/124071016307_clip0085.mp4,840,929,89,24.0,24.0,960,576,1024,0,0.046290889382362366,audio_rms,active_segment_0_960
wangxing,YingWenZiMu,124071016307,86,data/video/canon/YingWenZiMu/124071016307.mp4,data/video/YingWenZiMu/124071016307_clip0086.mp4,850,939,89,24.0,24.0,960,576,1024,0,0.04581236466765404,audio_rms,active_segment_0_960
wangxing,YingWenZiMu,124071016307,87,data/video/canon/YingWenZiMu/124071016307.mp4,data/video/YingWenZiMu/124071016307_clip0087.mp4,860,949,89,24.0,24.0,960,576,1024,0,0.03960298374295235,audio_rms,active_segment_0_960
wangxing,YingWenZiMu,124071016307,88,data/video/canon/YingWenZiMu/124071016307.mp4,data/video/YingWenZiMu/124071016307_clip0088.mp4,870,959,89,24.0,24.0,960,576,1024,0,0.0382780097424984,audio_rms,active_segment_0_960
wangxing,YingWenZiMu,124071016307,89,data/video/canon/YingWenZiMu/124071016307.mp4,data/video/YingWenZiMu/124071016307_clip0089.mp4,871,960,89,24.0,24.0,960,576,1024,0,0.03811810165643692,audio_rms,active_segment_0_960_tail
wangxing,YuanYin,124071016307,1,data/video/canon/YuanYin/124071016307.mp4,data/video/YuanYin/124071016307_clip0001.mp4,0,89,89,24.0,24.0,336,576,1024,0,0.04926005005836487,audio_rms,active_segment_0_336
wangxing,YuanYin,124071016307,2,data/video/canon/YuanYin/124071016307.mp4,data/video/YuanYin/124071016307_clip0002.mp4,10,99,89,24.0,24.0,336,576,1024,0,0.05302727222442627,audio_rms,active_segment_0_336
wangxing,YuanYin,124071016307,3,data/video/canon/YuanYin/124071016307.mp4,data/video/YuanYin/124071016307_clip0003.mp4,20,109,89,24.0,24.0,336,576,1024,0,0.053638115525245667,audio_rms,active_segment_0_336
wangxing,YuanYin,124071016307,4,data/video/canon/YuanYin/124071016307.mp4,data/video/YuanYin/124071016307_clip0004.mp4,30,119,89,24.0,24.0,336,576,1024,0,0.0633588507771492,audio_rms,active_segment_0_336
wangxing,YuanYin,124071016307,5,data/video/canon/YuanYin/124071016307.mp4,data/video/YuanYin/124071016307_clip0005.mp4,40,129,89,24.0,24.0,336,576,1024,0,0.07772648334503174,audio_rms,active_segment_0_336
wangxing,YuanYin,124071016307,6,data/video/canon/YuanYin/124071016307.mp4,data/video/YuanYin/124071016307_clip0006.mp4,50,139,89,24.0,24.0,336,576,1024,0,0.07899942994117737,audio_rms,active_segment_0_336
wangxing,YuanYin,124071016307,7,data/video/canon/YuanYin/124071016307.mp4,data/video/YuanYin/124071016307_clip0007.mp4,60,149,89,24.0,24.0,336,576,1024,0,0.08371720463037491,audio_rms,active_segment_0_336
wangxing,YuanYin,124071016307,8,data/video/canon/YuanYin/124071016307.mp4,data/video/YuanYin/124071016307_clip0008.mp4,70,159,89,24.0,24.0,336,576,1024,0,0.09831462055444717,audio_rms,active_segment_0_336
wangxing,YuanYin,124071016307,9,data/video/canon/YuanYin/124071016307.mp4,data/video/YuanYin/124071016307_clip0009.mp4,80,169,89,24.0,24.0,336,576,1024,0,0.09518422186374664,audio_rms,active_segment_0_336
wangxing,YuanYin,124071016307,10,data/video/canon/YuanYin/124071016307.mp4,data/video/YuanYin/124071016307_clip0010.mp4,90,179,89,24.0,24.0,336,576,1024,0,0.08473749458789825,audio_rms,active_segment_0_336
wangxing,YuanYin,124071016307,11,data/video/canon/YuanYin/124071016307.mp4,data/video/YuanYin/124071016307_clip0011.mp4,100,189,89,24.0,24.0,336,576,1024,0,0.08628472685813904,audio_rms,active_segment_0_336
wangxing,YuanYin,124071016307,12,data/video/canon/YuanYin/124071016307.mp4,data/video/YuanYin/124071016307_clip0012.mp4,110,199,89,24.0,24.0,336,576,1024,0,0.09273161739110947,audio_rms,active_segment_0_336
wangxing,YuanYin,124071016307,13,data/video/canon/YuanYin/124071016307.mp4,data/video/YuanYin/124071016307_clip0013.mp4,120,209,89,24.0,24.0,336,576,1024,0,0.08212029188871384,audio_rms,active_segment_0_336
wangxing,YuanYin,124071016307,14,data/video/canon/YuanYin/124071016307.mp4,data/video/YuanYin/124071016307_clip0014.mp4,130,219,89,24.0,24.0,336,576,1024,0,0.07371636480093002,audio_rms,active_segment_0_336
wangxing,YuanYin,124071016307,15,data/video/canon/YuanYin/124071016307.mp4,data/video/YuanYin/124071016307_clip0015.mp4,140,229,89,24.0,24.0,336,576,1024,0,0.08229601383209229,audio_rms,active_segment_0_336
wangxing,YuanYin,124071016307,16,data/video/canon/YuanYin/124071016307.mp4,data/video/YuanYin/124071016307_clip0016.mp4,150,239,89,24.0,24.0,336,576,1024,0,0.07822979986667633,audio_rms,active_segment_0_336
wangxing,YuanYin,124071016307,17,data/video/canon/YuanYin/124071016307.mp4,data/video/YuanYin/124071016307_clip0017.mp4,160,249,89,24.0,24.0,336,576,1024,0,0.06789904087781906,audio_rms,active_segment_0_336
wangxing,YuanYin,124071016307,18,data/video/canon/YuanYin/124071016307.mp4,data/video/YuanYin/124071016307_clip0018.mp4,170,259,89,24.0,24.0,336,576,1024,0,0.07158190757036209,audio_rms,active_segment_0_336
wangxing,YuanYin,124071016307,19,data/video/canon/YuanYin/124071016307.mp4,data/video/YuanYin/124071016307_clip0019.mp4,180,269,89,24.0,24.0,336,576,1024,0,0.07343428581953049,audio_rms,active_segment_0_336
wangxing,YuanYin,124071016307,20,data/video/canon/YuanYin/124071016307.mp4,data/video/YuanYin/124071016307_clip0020.mp4,190,279,89,24.0,24.0,336,576,1024,0,0.07599003612995148,audio_rms,active_segment_0_336
wangxing,YuanYin,124071016307,21,data/video/canon/YuanYin/124071016307.mp4,data/video/YuanYin/124071016307_clip0021.mp4,200,289,89,24.0,24.0,336,576,1024,0,0.07657886296510696,audio_rms,active_segment_0_336
wangxing,YuanYin,124071016307,22,data/video/canon/YuanYin/124071016307.mp4,data/video/YuanYin/124071016307_clip0022.mp4,210,299,89,24.0,24.0,336,576,1024,0,0.0779898390173912,audio_rms,active_segment_0_336
wangxing,YuanYin,124071016307,23,data/video/canon/YuanYin/124071016307.mp4,data/video/YuanYin/124071016307_clip0023.mp4,220,309,89,24.0,24.0,336,576,1024,0,0.07361097633838654,audio_rms,active_segment_0_336
wangxing,YuanYin,124071016307,24,data/video/canon/YuanYin/124071016307.mp4,data/video/YuanYin/124071016307_clip0024.mp4,230,319,89,24.0,24.0,336,576,1024,0,0.06448905169963837,audio_rms,active_segment_0_336
wangxing,YuanYin,124071016307,25,data/video/canon/YuanYin/124071016307.mp4,data/video/YuanYin/124071016307_clip0025.mp4,240,329,89,24.0,24.0,336,576,1024,0,0.06291159987449646,audio_rms,active_segment_0_336
wangxing,YuanYin,124071016307,26,data/video/canon/YuanYin/124071016307.mp4,data/video/YuanYin/124071016307_clip0026.mp4,247,336,89,24.0,24.0,336,576,1024,0,0.05962581932544708,audio_rms,active_segment_0_336_tail
