frame_idx,frame_time_in_ms,pitch,yaw,roll,face_alignment_method,face_detection_score,face_bbox_xmin,face_bbox_ymin,face_bbox_xmax,face_bbox_ymax,au_1,au_2,au_4,au_6,au_7,au_10,au_12,au_14,au_15,au_17,au_23,au_24,au_1_intensity,au_2_intensity,au_4_intensity,au_5_intensity,au_6_intensity,au_9_intensity,au_12_intensity,au_15_intensity,au_17_intensity,au_20_intensity,au_25_intensity,au_26_intensity
0,0.0,,,,insightface_bbox,0.7263113856315613,149.7041015625,598.7323608398438,1997.71875,3038.653076171875,0,0,0,0,0,0,0,1,0,0,0,0,0.04968087747693062,0.06019546836614609,0.10243199020624161,0.03131068870425224,0.016111096367239952,0.036220937967300415,0.01714734360575676,0.04982488229870796,0.08900906890630722,0.10876396298408508,0.01275795977562666,0.026093535125255585
1,41.666666666666664,,,,insightface_bbox,0.7263113856315613,149.7041015625,598.7323608398438,1997.71875,3038.653076171875,0,0,0,0,0,0,0,1,0,0,0,0,0.047913096845149994,0.05489661917090416,0.09891252964735031,0.029543492943048477,0.01541847549378872,0.03445115685462952,0.01739031821489334,0.0490666888654232,0.09003956615924835,0.10838395357131958,0.011709276586771011,0.02563835307955742
2,83.33333333333333,,,,insightface_bbox,0.7263113856315613,149.7041015625,598.7323608398438,1997.71875,3038.653076171875,0,0,0,0,0,0,0,1,0,0,0,0,0.04201364144682884,0.04869312047958374,0.10161413252353668,0.029260536655783653,0.015602904371917248,0.03380059823393822,0.017842810600996017,0.04954224079847336,0.0908563956618309,0.1077842265367508,0.011837443336844444,0.025763358920812607
3,125.0,,,,insightface_bbox,0.7263113856315613,149.7041015625,598.7323608398438,1997.71875,3038.653076171875,0,0,0,0,0,0,0,1,0,0,0,0,0.0396842435002327,0.04677421599626541,0.09965251386165619,0.029683135449886322,0.015970801934599876,0.03371162712574005,0.01855490729212761,0.05048166215419769,0.0868101567029953,0.10703472793102264,0.013409143313765526,0.02674637734889984
4,166.66666666666666,,,,insightface_bbox,0.7263113856315613,149.7041015625,598.7323608398438,1997.71875,3038.653076171875,0,0,0,0,0,0,0,1,0,0,0,0,0.03866398707032204,0.03789073973894119,0.09929240494966507,0.028538748621940613,0.01891552284359932,0.0399288684129715,0.02029268816113472,0.046064868569374084,0.08181660622358322,0.10213442146778107,0.01668621599674225,0.027729224413633347
5,208.33333333333334,,,,insightface_bbox,0.7263113856315613,149.7041015625,598.7323608398438,1997.71875,3038.653076171875,0,0,0,0,1,0,0,1,0,0,0,0,0.040804315358400345,0.04672020301222801,0.11379227787256241,0.03257974609732628,0.022681595757603645,0.05025014653801918,0.026283469051122665,0.04824404418468475,0.0813717320561409,0.10595198720693588,0.018678290769457817,0.03060118481516838
6,250.0,,,,insightface_bbox,0.747107982635498,151.1495361328125,584.006103515625,1987.7666015625,3030.246826171875,0,0,1,0,1,0,0,1,0,0,0,0,0.045002806931734085,0.04798569157719612,0.18133530020713806,0.034031130373477936,0.031842075288295746,0.09467726945877075,0.03144606947898865,0.04579784348607063,0.07872378826141357,0.09142943471670151,0.02372075244784355,0.03715478628873825
7,291.6666666666667,,,,insightface_bbox,0.747107982635498,151.1495361328125,584.006103515625,1987.7666015625,3030.246826171875,0,0,1,0,1,1,0,1,0,0,0,0,0.06125984713435173,0.08187353610992432,0.3144127130508423,0.047018326818943024,0.053411684930324554,0.37425726652145386,0.048463135957717896,0.057638414204120636,0.11621555685997009,0.10313000530004501,0.031594958156347275,0.047244224697351456
8,333.3333333333333,,,,insightface_bbox,0.747107982635498,151.1495361328125,584.006103515625,1987.7666015625,3030.246826171875,0,0,1,0,1,1,0,1,0,0,0,0,0.06297456473112106,0.10809770971536636,0.40201321244239807,0.05325285717844963,0.06861285120248795,0.7539710998535156,0.060511477291584015,0.05732522904872894,0.1315261870622635,0.09933597594499588,0.034457262605428696,0.0526345819234848
9,375.0,,,,insightface_bbox,0.747107982635498,151.1495361328125,584.006103515625,1987.7666015625,3030.246826171875,0,0,1,0,1,1,0,1,0,0,0,0,0.053547266870737076,0.09564431011676788,0.3520887792110443,0.046630047261714935,0.06590299308300018,0.7083315253257751,0.04524404555559158,0.05263005942106247,0.12880073487758636,0.08943380415439606,0.02907566726207733,0.04528019577264786
10,416.6666666666667,,,,insightface_bbox,0.747107982635498,151.1495361328125,584.006103515625,1987.7666015625,3030.246826171875,0,0,1,0,1,1,0,1,0,0,0,0,0.04867907613515854,0.0749654620885849,0.2796590030193329,0.040874332189559937,0.056058768182992935,0.5148178339004517,0.03680591285228729,0.04702166095376015,0.12329499423503876,0.0869818925857544,0.025112967938184738,0.03941553831100464
11,458.3333333333333,,,,insightface_bbox,0.747107982635498,151.1495361328125,584.006103515625,1987.7666015625,3030.246826171875,0,0,1,0,1,1,0,1,0,0,0,0,0.048536837100982666,0.07412278652191162,0.2708630859851837,0.039404481649398804,0.04963752627372742,0.408667653799057,0.03502798080444336,0.04367399960756302,0.12187699973583221,0.08604202419519424,0.025671178475022316,0.037951163947582245
12,500.0,,,,insightface_bbox,0.8276553153991699,230.11083984375,602.5697631835938,1972.9010009765625,2965.482177734375,0,0,1,0,1,1,0,1,0,0,0,0,0.0642772763967514,0.06113029271364212,0.5367839932441711,0.036353982985019684,0.06622569262981415,0.4697820842266083,0.051792170852422714,0.040038373321294785,0.11301176249980927,0.08060670644044876,0.019865604117512703,0.041573937982320786
13,541.6666666666666,,,,insightface_bbox,0.8276553153991699,230.11083984375,602.5697631835938,1972.9010009765625,2965.482177734375,0,0,1,1,1,1,0,1,0,0,0,0,0.07006321102380753,0.07311797887086868,0.5801270008087158,0.041616834700107574,0.07406169921159744,0.8464264869689941,0.06313711404800415,0.04846993461251259,0.13949255645275116,0.08348115533590317,0.024731561541557312,0.04572618752717972
14,583.3333333333334,,,,insightface_bbox,0.8276553153991699,230.11083984375,602.5697631835938,1972.9010009765625,2965.482177734375,0,0,1,1,1,1,0,1,0,0,0,0,0.07106083631515503,0.08262456953525543,0.4935905337333679,0.04440315067768097,0.06861430406570435,0.9953683018684387,0.06378410756587982,0.050541676580905914,0.1589389443397522,0.08375032991170883,0.027152132242918015,0.04734664782881737
15,625.0,,,,insightface_bbox,0.8276553153991699,230.11083984375,602.5697631835938,1972.9010009765625,2965.482177734375,0,0,1,1,1,1,0,1,0,0,0,0,0.06940153986215591,0.08839406073093414,0.4434284269809723,0.04432157054543495,0.06642554700374603,1.090417504310608,0.059640686959028244,0.05034616217017174,0.1590045690536499,0.08006864786148071,0.028508376330137253,0.04747762903571129
16,666.6666666666666,,,,insightface_bbox,0.8276553153991699,230.11083984375,602.5697631835938,1972.9010009765625,2965.482177734375,0,0,1,1,1,1,0,1,0,0,0,0,0.060027025640010834,0.1041889563202858,0.3459608256816864,0.043312251567840576,0.05609859153628349,1.0679548978805542,0.05293995887041092,0.04517696797847748,0.12809498608112335,0.07220688462257385,0.029413580894470215,0.042618751525878906
17,708.3333333333334,,,,insightface_bbox,0.8276553153991699,230.11083984375,602.5697631835938,1972.9010009765625,2965.482177734375,0,0,1,1,1,1,0,1,0,0,0,0,0.060006387531757355,0.11313250660896301,0.34502503275871277,0.044923875480890274,0.05643347650766373,1.0470685958862305,0.05840545520186424,0.044905323535203934,0.12752516567707062,0.07552464306354523,0.031008442863821983,0.042930856347084045
18,750.0,,,,insightface_bbox,0.8811242580413818,278.9720764160156,614.6682739257812,1930.86474609375,2862.15966796875,0,0,1,0,1,1,0,0,0,0,0,0,0.041667405515909195,0.04236992821097374,0.4209545850753784,0.02565266191959381,0.0360771082341671,0.13047072291374207,0.02247263677418232,0.02448764070868492,0.0795973688364029,0.052186138927936554,0.014623886905610561,0.028911743313074112
19,791.6666666666666,,,,insightface_bbox,0.8811242580413818,278.9720764160156,614.6682739257812,1930.86474609375,2862.15966796875,0,0,1,0,1,0,0,0,0,0,0,0,0.042907871305942535,0.03850152716040611,0.42983278632164,0.024213027209043503,0.032798878848552704,0.09105705469846725,0.0227021686732769,0.023249946534633636,0.07558251172304153,0.05141432583332062,0.012580297887325287,0.027422914281487465
20,833.3333333333334,,,,insightface_bbox,0.8811242580413818,278.9720764160156,614.6682739257812,1930.86474609375,2862.15966796875,0,0,1,0,1,1,0,1,0,0,0,0,0.05149180442094803,0.042405422776937485,0.54161536693573,0.02940172143280506,0.04445120692253113,0.13639605045318604,0.033580414950847626,0.029202420264482498,0.08930548280477524,0.06261029094457626,0.015044198371469975,0.030334657058119774
21,875.0,,,,insightface_bbox,0.8811242580413818,278.9720764160156,614.6682739257812,1930.86474609375,2862.15966796875,0,0,1,0,1,1,0,1,0,0,0,0,0.04598736763000488,0.037709321826696396,0.4189407527446747,0.028200984001159668,0.041555896401405334,0.1548980474472046,0.03606126084923744,0.029683727771043777,0.0816628634929657,0.059884801506996155,0.01599963568150997,0.027637004852294922
22,916.6666666666666,,,,insightface_bbox,0.8811242580413818,278.9720764160156,614.6682739257812,1930.86474609375,2862.15966796875,0,0,1,0,1,1,0,1,0,0,0,0,0.04509428143501282,0.03695950284600258,0.4004432260990143,0.027664314955472946,0.04047192260622978,0.15265443921089172,0.03558627888560295,0.030071109533309937,0.08382835239171982,0.06061375141143799,0.015104733407497406,0.02669270895421505
23,958.3333333333334,,,,insightface_bbox,0.8811242580413818,278.9720764160156,614.6682739257812,1930.86474609375,2862.15966796875,0,0,1,0,1,1,0,1,0,0,0,0,0.04172809422016144,0.03425445780158043,0.2943817377090454,0.025777000933885574,0.03462747484445572,0.11629592627286911,0.032892856746912,0.027828820049762726,0.07923729717731476,0.05897977203130722,0.013808412477374077,0.023651879280805588
24,1000.0,,,,insightface_bbox,0.8685692548751831,307.5003662109375,637.8958740234375,1866.404052734375,2774.83251953125,0,0,1,0,1,1,0,1,0,0,0,0,0.06498658657073975,0.044533342123031616,0.3525395393371582,0.02835826575756073,0.04291902855038643,0.14487186074256897,0.038512006402015686,0.028674200177192688,0.08115220814943314,0.06907127052545547,0.030754683539271355,0.04094415903091431
25,1041.6666666666667,,,,insightface_bbox,0.8685692548751831,307.5003662109375,637.8958740234375,1866.404052734375,2774.83251953125,0,0,1,0,1,1,0,1,0,0,0,0,0.06349003314971924,0.041139572858810425,0.31983721256256104,0.026823299005627632,0.0395788811147213,0.12040655314922333,0.03664340451359749,0.027652328833937645,0.07890869677066803,0.06856808066368103,0.034275587648153305,0.041071049869060516
26,1083.3333333333333,,,,insightface_bbox,0.8685692548751831,307.5003662109375,637.8958740234375,1866.404052734375,2774.83251953125,0,0,1,0,1,1,0,1,0,0,0,0,0.059790559113025665,0.03741605952382088,0.28625166416168213,0.026662670075893402,0.03912517800927162,0.1078837662935257,0.03895662724971771,0.02604995109140873,0.07008706778287888,0.06802497804164886,0.03571956232190132,0.037925705313682556
27,1125.0,,,,insightface_bbox,0.8685692548751831,307.5003662109375,637.8958740234375,1866.404052734375,2774.83251953125,0,0,1,0,1,1,0,1,0,0,0,0,0.05563778802752495,0.034891482442617416,0.2649914026260376,0.025235917419195175,0.035813044756650925,0.09210951626300812,0.03634591028094292,0.02457260899245739,0.06631018966436386,0.0650746300816536,0.03256279230117798,0.03550277650356293
28,1166.6666666666667,,,,insightface_bbox,0.8685692548751831,307.5003662109375,637.8958740234375,1866.404052734375,2774.83251953125,0,0,1,0,1,1,0,1,0,0,0,0,0.04294959455728531,0.02926737442612648,0.19983617961406708,0.02159477397799492,0.02730836160480976,0.05587437003850937,0.027876999229192734,0.022695230320096016,0.05816154181957245,0.0590030662715435,0.023330409079790115,0.029073448851704597
29,1208.3333333333333,,,,insightface_bbox,0.8685692548751831,307.5003662109375,637.8958740234375,1866.404052734375,2774.83251953125,0,0,1,0,1,1,0,1,0,0,0,0,0.043938279151916504,0.029425043612718582,0.19632992148399353,0.021986249834299088,0.027836289256811142,0.05457937717437744,0.0290039274841547,0.023217713460326195,0.0578339621424675,0.060500048100948334,0.024563517421483994,0.029907431453466415
30,1250.0,,,,insightface_bbox,0.8527662754058838,312.7508239746094,654.20947265625,1847.01416015625,2753.808349609375,0,0,1,0,1,1,0,0,0,0,0,0,0.0791296735405922,0.04183841869235039,0.3505789637565613,0.026257066056132317,0.029422368854284286,0.09137970209121704,0.028307192027568817,0.025474872440099716,0.06143268942832947,0.05728195607662201,0.037507861852645874,0.035163115710020065
31,1291.6666666666667,,,,insightface_bbox,0.8527662754058838,312.7508239746094,654.20947265625,1847.01416015625,2753.808349609375,0,0,1,0,1,1,0,0,0,0,0,0,0.07562508434057236,0.03909236937761307,0.3404843211174011,0.023975437507033348,0.025769419968128204,0.07316245138645172,0.024403000250458717,0.02355200983583927,0.05821076035499573,0.05379137024283409,0.03340480476617813,0.03148936852812767
32,1333.3333333333333,,,,insightface_bbox,0.8527662754058838,312.7508239746094,654.20947265625,1847.01416015625,2753.808349609375,0,0,1,0,1,1,0,0,0,0,0,0,0.08150673657655716,0.04116189107298851,0.3235284984111786,0.024142330512404442,0.024670522660017014,0.07652071118354797,0.024587446823716164,0.02329961210489273,0.0579269602894783,0.05281580239534378,0.0373561829328537,0.032893791794776917
33,1375.0,,,,insightface_bbox,0.8527662754058838,312.7508239746094,654.20947265625,1847.01416015625,2753.808349609375,0,0,1,0,1,1,0,0,0,0,0,0,0.08239071071147919,0.041343070566654205,0.29664766788482666,0.023868419229984283,0.023946350440382957,0.07815607637166977,0.024953968822956085,0.023202478885650635,0.05593700334429741,0.05319683253765106,0.03903738781809807,0.03284284844994545
34,1416.6666666666667,,,,insightface_bbox,0.8527662754058838,312.7508239746094,654.20947265625,1847.01416015625,2753.808349609375,0,0,1,0,1,1,0,0,0,0,0,0,0.08471685647964478,0.04206319898366928,0.2900391221046448,0.024865342304110527,0.02475033327937126,0.08132220059633255,0.026822954416275024,0.024606434628367424,0.06122272461652756,0.05683744698762894,0.03990592435002327,0.03390023857355118
35,1458.3333333333333,,,,insightface_bbox,0.8527662754058838,312.7508239746094,654.20947265625,1847.01416015625,2753.808349609375,0,0,1,0,1,1,0,0,0,0,0,0,0.09024564921855927,0.04727603495121002,0.3059616982936859,0.027282124385237694,0.027327291667461395,0.10228853672742844,0.030986204743385315,0.026438327506184578,0.06593574583530426,0.06020073592662811,0.04454607516527176,0.03688575699925423
36,1500.0,,,,insightface_bbox,0.8371914029121399,322.0192565917969,687.0686645507812,1832.5323486328125,2713.9189453125,0,0,1,0,1,1,0,0,0,0,0,0,0.08833938091993332,0.04649738222360611,0.43418318033218384,0.027875743806362152,0.02914086915552616,0.13535389304161072,0.029535654932260513,0.028156839311122894,0.07031776756048203,0.05679601430892944,0.04270138218998909,0.036103058606386185
37,1541.6666666666667,,,,insightface_bbox,0.8371914029121399,322.0192565917969,687.0686645507812,1832.5323486328125,2713.9189453125,0,0,1,0,1,1,0,0,0,0,0,0,0.08179039508104324,0.044122058898210526,0.3943941295146942,0.027586203068494797,0.029439568519592285,0.11885661631822586,0.03162717819213867,0.027452580630779266,0.06966377794742584,0.05798574537038803,0.040371932089328766,0.034364521503448486
38,1583.3333333333333,,,,insightface_bbox,0.8371914029121399,322.0192565917969,687.0686645507812,1832.5323486328125,2713.9189453125,0,0,1,0,1,1,0,0,0,0,0,0,0.07625599950551987,0.04198196902871132,0.3536093235015869,0.027083881199359894,0.02838861383497715,0.11009823530912399,0.032183483242988586,0.02782011218369007,0.0693449079990387,0.059401948004961014,0.039767079055309296,0.03450683504343033
39,1625.0,,,,insightface_bbox,0.8371914029121399,322.0192565917969,687.0686645507812,1832.5323486328125,2713.9189453125,0,0,1,0,1,1,0,0,0,0,0,0,0.0792604610323906,0.04322327673435211,0.3734808564186096,0.027107270434498787,0.029204484075307846,0.10800450295209885,0.03234720975160599,0.027229543775320053,0.06745437532663345,0.05760275200009346,0.03976770117878914,0.03404704108834267
40,1666.6666666666667,,,,insightface_bbox,0.8371914029121399,322.0192565917969,687.0686645507812,1832.5323486328125,2713.9189453125,0,0,1,0,1,1,0,0,0,0,0,0,0.08618823438882828,0.04676528647542,0.4180747866630554,0.02844223566353321,0.03041103668510914,0.1294693946838379,0.03155556321144104,0.028864767402410507,0.0704192966222763,0.0578455775976181,0.044224925339221954,0.03669780120253563
41,1708.3333333333333,,,,insightface_bbox,0.8371914029121399,322.0192565917969,687.0686645507812,1832.5323486328125,2713.9189453125,0,0,1,0,1,1,0,0,0,0,0,0,0.08375939726829529,0.046457864344120026,0.4041050374507904,0.02794974483549595,0.03011918067932129,0.1326795220375061,0.030383523553609848,0.02855217456817627,0.07046178728342056,0.057020578533411026,0.042711514979600906,0.036279696971178055
42,1750.0,,,,insightface_bbox,0.8457916975021362,321.4880676269531,698.1773681640625,1829.0531005859375,2725.075439453125,0,0,1,0,1,1,0,0,0,0,0,0,0.07875488698482513,0.04524124786257744,0.3804470896720886,0.028400879353284836,0.02957828715443611,0.13851790130138397,0.030989933758974075,0.029904795810580254,0.07321128249168396,0.05893443524837494,0.04566379263997078,0.036436211317777634
43,1791.6666666666667,,,,insightface_bbox,0.8457916975021362,321.4880676269531,698.1773681640625,1829.0531005859375,2725.075439453125,0,0,1,0,1,1,0,0,0,0,0,0,0.07084710896015167,0.04204092547297478,0.29336604475975037,0.027328919619321823,0.026733605191111565,0.10944277793169022,0.03132336214184761,0.027606576681137085,0.07107724249362946,0.05718286707997322,0.04408784955739975,0.035055458545684814
44,1833.3333333333333,,,,insightface_bbox,0.8457916975021362,321.4880676269531,698.1773681640625,1829.0531005859375,2725.075439453125,0,0,1,0,1,1,0,0,0,0,0,0,0.08593149483203888,0.05223285034298897,0.2862819731235504,0.03391806408762932,0.03407038003206253,0.13657552003860474,0.05242049694061279,0.03359740599989891,0.08417822420597076,0.07245420664548874,0.07227274775505066,0.04433642327785492
45,1875.0,,,,insightface_bbox,0.8457916975021362,321.4880676269531,698.1773681640625,1829.0531005859375,2725.075439453125,0,0,1,0,1,1,0,0,0,0,0,0,0.09166990220546722,0.05976293236017227,0.27213218808174133,0.03640728443861008,0.03754217550158501,0.1655985713005066,0.0605551078915596,0.03570885583758354,0.09122002124786377,0.0765664204955101,0.0802498608827591,0.04571624845266342
46,1916.6666666666667,,,,insightface_bbox,0.8457916975021362,321.4880676269531,698.1773681640625,1829.0531005859375,2725.075439453125,0,0,1,0,1,1,0,1,0,0,0,0,0.0979624018073082,0.06323245167732239,0.3002731204032898,0.03756462037563324,0.0400879830121994,0.20346659421920776,0.06486804783344269,0.03731141239404678,0.09584854543209076,0.07780205458402634,0.0809907615184784,0.04642137885093689
47,1958.3333333333333,,,,insightface_bbox,0.8457916975021362,321.4880676269531,698.1773681640625,1829.0531005859375,2725.075439453125,0,0,1,0,1,1,0,1,0,0,0,0,0.09114649891853333,0.05868109315633774,0.28341490030288696,0.03517500311136246,0.039837419986724854,0.1834779679775238,0.06202448159456253,0.03420610353350639,0.08786383271217346,0.0739053338766098,0.06544117629528046,0.04137498885393143
48,2000.0,,,,insightface_bbox,0.8383547067642212,326.2464294433594,669.7218627929688,1827.2286376953125,2698.147705078125,0,0,1,0,1,1,0,1,0,0,0,0,0.07110834866762161,0.049520254135131836,0.2342711091041565,0.029286695644259453,0.03404662013053894,0.13144227862358093,0.04360850527882576,0.028246214613318443,0.07682562619447708,0.0641879290342331,0.036809470504522324,0.03332321345806122
49,2041.6666666666665,,,,insightface_bbox,0.8383547067642212,326.2464294433594,669.7218627929688,1827.2286376953125,2698.147705078125,0,0,1,0,1,1,0,1,0,0,0,0,0.06289322674274445,0.05124448984861374,0.23159758746623993,0.029628509655594826,0.035945381969213486,0.1293235421180725,0.04115479066967964,0.028359435498714447,0.07292704284191132,0.06331714242696762,0.03449530154466629,0.03502444922924042
50,2083.3333333333335,,,,insightface_bbox,0.8383547067642212,326.2464294433594,669.7218627929688,1827.2286376953125,2698.147705078125,0,0,0,0,1,1,0,1,0,0,0,0,0.06476307660341263,0.0605698823928833,0.24934642016887665,0.03387683629989624,0.046756695955991745,0.1950545310974121,0.038712143898010254,0.03642271086573601,0.10564249753952026,0.07146309316158295,0.03740108013153076,0.04432586580514908
51,2125.0,,,,insightface_bbox,0.8383547067642212,326.2464294433594,669.7218627929688,1827.2286376953125,2698.147705078125,0,0,1,0,1,1,0,1,0,0,0,0,0.0721793994307518,0.06553563475608826,0.2892099618911743,0.03687676414847374,0.05336529761552811,0.22544728219509125,0.040154311805963516,0.04064816236495972,0.12088130414485931,0.07486120611429214,0.04436667263507843,0.05029343441128731
52,2166.6666666666665,,,,insightface_bbox,0.8383547067642212,326.2464294433594,669.7218627929688,1827.2286376953125,2698.147705078125,0,0,1,0,1,1,0,1,0,0,0,0,0.07729373872280121,0.06463214010000229,0.35208457708358765,0.03895910084247589,0.051761217415332794,0.18010737001895905,0.030800962820649147,0.04367385432124138,0.13699285686016083,0.07839750498533249,0.043884050101041794,0.055789630860090256
53,2208.3333333333335,,,,insightface_bbox,0.8383547067642212,326.2464294433594,669.7218627929688,1827.2286376953125,2698.147705078125,0,0,1,0,1,1,0,1,0,0,0,0,0.07177506387233734,0.06646405905485153,0.35381007194519043,0.04039490967988968,0.051984455436468124,0.1976662278175354,0.032577890902757645,0.045830268412828445,0.14000637829303741,0.07965535670518875,0.03980681300163269,0.054513491690158844
54,2250.0,,,,insightface_bbox,0.8627814054489136,329.2110900878906,693.003173828125,1820.7716064453125,2762.1767578125,0,0,1,0,1,1,0,1,0,1,0,1,0.03908650949597359,0.036952439695596695,0.2766258716583252,0.025989117100834846,0.027537725865840912,0.13465023040771484,0.02205294370651245,0.0327964723110199,0.12967601418495178,0.058660414069890976,0.01086740754544735,0.026723098009824753
55,2291.6666666666665,,,,insightface_bbox,0.8627814054489136,329.2110900878906,693.003173828125,1820.7716064453125,2762.1767578125,0,0,1,0,1,1,0,1,0,1,1,1,0.0600225031375885,0.03607403114438057,0.4616788625717163,0.03903500363230705,0.06630086898803711,0.11766181886196136,0.05431569367647171,0.08364348113536835,0.3481469750404358,0.1277245432138443,0.00929870456457138,0.03494728356599808
56,2333.3333333333335,,,,insightface_bbox,0.8627814054489136,329.2110900878906,693.003173828125,1820.7716064453125,2762.1767578125,0,0,1,0,1,1,0,1,0,1,0,1,0.03948307782411575,0.02755507081747055,0.36252492666244507,0.02845803089439869,0.04407148063182831,0.11475378274917603,0.03429567441344261,0.04004739224910736,0.18789294362068176,0.07843968272209167,0.011036832816898823,0.02326577715575695
57,2375.0,,,,insightface_bbox,0.8627814054489136,329.2110900878906,693.003173828125,1820.7716064453125,2762.1767578125,0,0,1,0,1,1,0,1,0,1,0,1,0.04912106692790985,0.04555404186248779,0.3125152289867401,0.03234889730811119,0.051840562373399734,0.20308344066143036,0.04862692207098007,0.03572196140885353,0.14871619641780853,0.07205112278461456,0.019002819433808327,0.031392503529787064
58,2416.6666666666665,,,,insightface_bbox,0.8627814054489136,329.2110900878906,693.003173828125,1820.7716064453125,2762.1767578125,0,0,1,0,1,1,0,1,0,1,0,1,0.0573810338973999,0.04956219345331192,0.3629269003868103,0.03423444554209709,0.05431784316897392,0.21088838577270508,0.06386300921440125,0.037067364901304245,0.14036263525485992,0.07677272707223892,0.02156072109937668,0.03436128422617912
59,2458.3333333333335,,,,insightface_bbox,0.8627814054489136,329.2110900878906,693.003173828125,1820.7716064453125,2762.1767578125,0,0,1,0,1,1,0,1,0,0,0,0,0.06794983148574829,0.05718747526407242,0.4034518897533417,0.03729119524359703,0.0488586500287056,0.17386099696159363,0.07756220549345016,0.03268097713589668,0.1152273565530777,0.0762285366654396,0.02212155982851982,0.03416727855801582
60,2500.0,,,,insightface_bbox,0.828970193862915,300.59051513671875,600.9065551757812,1832.185546875,2746.502197265625,0,0,1,0,1,1,0,1,0,1,0,0,0.06603523343801498,0.05087553709745407,0.3471168577671051,0.03661675378680229,0.05023333430290222,0.17463216185569763,0.08269372582435608,0.03703475371003151,0.12544307112693787,0.09615221619606018,0.020083745941519737,0.03574761003255844
61,2541.6666666666665,,,,insightface_bbox,0.828970193862915,300.59051513671875,600.9065551757812,1832.185546875,2746.502197265625,0,0,1,0,1,1,0,1,0,0,0,0,0.08247216045856476,0.057050105184316635,0.4297090768814087,0.04200798273086548,0.06610185652971268,0.25573238730430603,0.09896491467952728,0.04048999771475792,0.11462540924549103,0.09976455569267273,0.03636769950389862,0.04959231615066528
62,2583.3333333333335,,,,insightface_bbox,0.828970193862915,300.59051513671875,600.9065551757812,1832.185546875,2746.502197265625,0,0,1,0,1,1,0,1,0,0,0,0,0.1044570654630661,0.06372549384832382,0.5325646996498108,0.044815078377723694,0.06485529243946075,0.26954078674316406,0.08740107715129852,0.04004642367362976,0.08908304572105408,0.09891382604837418,0.06359896063804626,0.07566773891448975
63,2625.0,,,,insightface_bbox,0.828970193862915,300.59051513671875,600.9065551757812,1832.185546875,2746.502197265625,0,0,1,0,1,1,0,1,0,0,0,0,0.10741022229194641,0.06329550594091415,0.541629433631897,0.04436264932155609,0.06062822788953781,0.2519270181655884,0.07580161839723587,0.04026064649224281,0.08533802628517151,0.09771314263343811,0.06843029707670212,0.08347301930189133
64,2666.6666666666665,,,,insightface_bbox,0.828970193862915,300.59051513671875,600.9065551757812,1832.185546875,2746.502197265625,0,0,1,0,1,1,0,1,0,0,0,0,0.1176864504814148,0.06452827900648117,0.55044025182724,0.044622328132390976,0.06378308683633804,0.1459997296333313,0.06954330950975418,0.04205659404397011,0.07108218967914581,0.10135780274868011,0.07766025513410568,0.12226798385381699
65,2708.3333333333335,,,,insightface_bbox,0.828970193862915,300.59051513671875,600.9065551757812,1832.185546875,2746.502197265625,0,0,1,0,1,1,0,1,0,0,0,0,0.1276753544807434,0.06936022639274597,0.5415627956390381,0.05466315150260925,0.07931530475616455,0.11054320633411407,0.10807931423187256,0.04863271117210388,0.06368069350719452,0.11866927891969681,0.0713445171713829,0.16073176264762878
66,2750.0,,,,insightface_bbox,0.8640488386154175,285.3130187988281,595.02099609375,1840.44775390625,2856.605712890625,0,0,1,0,1,1,0,0,0,0,0,0,0.19618085026741028,0.10700470954179764,0.9842702746391296,0.09721171855926514,0.14829102158546448,0.13356122374534607,0.4320228695869446,0.06453695893287659,0.07244470715522766,0.16950538754463196,0.1503409445285797,0.3916274309158325
67,2791.6666666666665,,,,insightface_bbox,0.8640488386154175,285.3130187988281,595.02099609375,1840.44775390625,2856.605712890625,1,0,1,0,1,1,0,0,0,0,0,0,0.22093892097473145,0.11187328398227692,1.1039923429489136,0.10167583078145981,0.16193845868110657,0.15049754083156586,0.38884374499320984,0.0694097951054573,0.07632613927125931,0.17700938880443573,0.21013817191123962,0.448472797870636
68,2833.3333333333335,,,,insightface_bbox,0.8640488386154175,285.3130187988281,595.02099609375,1840.44775390625,2856.605712890625,1,0,1,0,1,1,0,1,0,0,0,0,0.18226920068264008,0.1015470027923584,1.293398141860962,0.09067977964878082,0.15349040925502777,0.17694704234600067,0.27341392636299133,0.06104029342532158,0.06713353842496872,0.15187563002109528,0.16569866240024567,0.30065301060676575
69,2875.0,,,,insightface_bbox,0.8640488386154175,285.3130187988281,595.02099609375,1840.44775390625,2856.605712890625,1,0,1,0,1,1,0,1,0,0,0,0,0.18644265830516815,0.1075812354683876,1.105625033378601,0.09460180252790451,0.15181484818458557,0.2737933099269867,0.21032759547233582,0.07047274708747864,0.08022794127464294,0.14930325746536255,0.23113742470741272,0.2940375506877899
70,2916.6666666666665,,,,insightface_bbox,0.8640488386154175,285.3130187988281,595.02099609375,1840.44775390625,2856.605712890625,1,0,1,0,1,1,0,1,0,0,0,0,0.160404771566391,0.10036012530326843,0.8287920951843262,0.07452176511287689,0.08960291743278503,0.16415639221668243,0.1187865361571312,0.05676966905593872,0.06769382208585739,0.12392154335975647,0.1475040763616562,0.2215457260608673
71,2958.3333333333335,,,,insightface_bbox,0.8640488386154175,285.3130187988281,595.02099609375,1840.44775390625,2856.605712890625,1,0,1,0,1,0,0,0,0,0,0,0,0.08311837911605835,0.05600295588374138,0.5307192802429199,0.03868675231933594,0.025950202718377113,0.05404460430145264,0.02269746921956539,0.0355105921626091,0.05725685507059097,0.07162594795227051,0.07218737155199051,0.17444413900375366
72,3000.0,,,,insightface_bbox,0.8696067929267883,355.1368103027344,575.939208984375,1927.1817626953125,2818.585693359375,0,0,0,0,0,0,0,0,0,0,0,0,0.024019211530685425,0.021359438076615334,0.05779532343149185,0.017096832394599915,0.012681279331445694,0.026481876149773598,0.008625497110188007,0.022302724421024323,0.05913611128926277,0.045676738023757935,0.016509609296917915,0.024809494614601135
73,3041.6666666666665,,,,insightface_bbox,0.8696067929267883,355.1368103027344,575.939208984375,1927.1817626953125,2818.585693359375,0,0,0,0,0,0,0,0,0,0,0,0,0.019649866968393326,0.014578159898519516,0.0524083711206913,0.014864487573504448,0.009893723763525486,0.018273135647177696,0.008830010890960693,0.019811132922768593,0.0485963448882103,0.03881024196743965,0.007763192988932133,0.013994988054037094
74,3083.3333333333335,,,,insightface_bbox,0.8696067929267883,355.1368103027344,575.939208984375,1927.1817626953125,2818.585693359375,0,0,0,0,0,0,0,0,0,0,0,0,0.022955257445573807,0.015878185629844666,0.03225140646100044,0.014559444040060043,0.008151296526193619,0.019384615123271942,0.00657620606943965,0.023412657901644707,0.04656031355261803,0.04289158433675766,0.012336728163063526,0.01710529252886772
75,3125.0,,,,insightface_bbox,0.8696067929267883,355.1368103027344,575.939208984375,1927.1817626953125,2818.585693359375,0,0,0,0,0,0,0,0,0,0,0,0,0.032034918665885925,0.020798109471797943,0.044901035726070404,0.017236603423953056,0.009558910503983498,0.030221836641430855,0.007721087895333767,0.026947952806949615,0.05369513854384422,0.047757960855960846,0.028229761868715286,0.024449525400996208
76,3166.6666666666665,,,,insightface_bbox,0.8696067929267883,355.1368103027344,575.939208984375,1927.1817626953125,2818.585693359375,0,0,0,0,0,0,0,0,0,0,0,0,0.04925544559955597,0.03234567865729332,0.1255352795124054,0.028044171631336212,0.014459182508289814,0.09173329919576645,0.011304929852485657,0.04617084190249443,0.06473515927791595,0.06428196281194687,0.22939428687095642,0.06917580962181091
77,3208.3333333333335,,,,insightface_bbox,0.8696067929267883,355.1368103027344,575.939208984375,1927.1817626953125,2818.585693359375,0,0,0,0,0,0,0,0,0,0,0,0,0.04758080095052719,0.030238986015319824,0.10608872771263123,0.026443567126989365,0.014131758362054825,0.08418485522270203,0.010177605785429478,0.04387631639838219,0.0579342246055603,0.06215643882751465,0.27080395817756653,0.06881588697433472
78,3250.0,,,,insightface_bbox,0.8596963286399841,438.0575256347656,623.5475463867188,1961.7147216796875,2819.7978515625,0,0,0,0,0,0,0,0,0,0,0,0,0.026903193444013596,0.021280359476804733,0.04249497503042221,0.01697995327413082,0.012900997884571552,0.025589771568775177,0.007531445473432541,0.024855565279722214,0.04884125292301178,0.0456710010766983,0.04911728575825691,0.03993559256196022
79,3291.6666666666665,,,,insightface_bbox,0.8596963286399841,438.0575256347656,623.5475463867188,1961.7147216796875,2819.7978515625,0,0,0,0,0,0,0,0,0,0,0,0,0.029998252168297768,0.02276012860238552,0.042186006903648376,0.017834698781371117,0.013293096795678139,0.024960506707429886,0.008083323016762733,0.02548035979270935,0.0478108786046505,0.04514278471469879,0.038802530616521835,0.047457851469516754
80,3333.3333333333335,,,,insightface_bbox,0.8596963286399841,438.0575256347656,623.5475463867188,1961.7147216796875,2819.7978515625,0,0,0,0,0,0,0,0,0,0,0,0,0.0302544254809618,0.01857619732618332,0.07568050175905228,0.01489223726093769,0.009818422608077526,0.02732941508293152,0.006060678977519274,0.022175438702106476,0.041148699820041656,0.038390886038541794,0.0234372615814209,0.046485528349876404
81,3375.0,,,,insightface_bbox,0.8596963286399841,438.0575256347656,623.5475463867188,1961.7147216796875,2819.7978515625,0,0,0,0,0,0,0,0,0,0,0,0,0.020222265273332596,0.013711807318031788,0.045635923743247986,0.011712680570781231,0.007974578998982906,0.01937626488506794,0.005568736232817173,0.01831694133579731,0.044941604137420654,0.03559258207678795,0.009992847219109535,0.026573512703180313
82,3416.6666666666665,,,,insightface_bbox,0.8596963286399841,438.0575256347656,623.5475463867188,1961.7147216796875,2819.7978515625,0,0,0,0,0,0,0,0,0,0,0,0,0.020183140411973,0.013343076221644878,0.04489361494779587,0.012161481194198132,0.007774929516017437,0.020034104585647583,0.004906263668090105,0.019411223009228706,0.04179845750331879,0.035906605422496796,0.007599429693073034,0.023865746334195137
83,3458.3333333333335,,,,insightface_bbox,0.8596963286399841,438.0575256347656,623.5475463867188,1961.7147216796875,2819.7978515625,0,0,0,0,0,0,0,0,0,0,0,0,0.019219400361180305,0.012637278065085411,0.03217095136642456,0.012522443197667599,0.006500185467302799,0.01480147149413824,0.0037982314825057983,0.018257392570376396,0.03805773705244064,0.03515705466270447,0.007144956849515438,0.02105102315545082
84,3500.0,,,,insightface_bbox,0.8724030256271362,365.68817138671875,662.2269897460938,1886.1280517578125,2817.315185546875,0,0,0,0,0,0,0,0,0,0,0,0,0.02014644257724285,0.013925592415034771,0.029315350577235222,0.012010933831334114,0.007601652294397354,0.013536023907363415,0.0040732319466769695,0.017990821972489357,0.038496047258377075,0.03881997987627983,0.006452861241996288,0.016626719385385513
85,3541.6666666666665,,,,insightface_bbox,0.8724030256271362,365.68817138671875,662.2269897460938,1886.1280517578125,2817.315185546875,0,0,0,0,0,0,0,0,0,0,0,0,0.03091498091816902,0.020909830927848816,0.0671105831861496,0.016116872429847717,0.010436756536364555,0.02723091095685959,0.005777998827397823,0.025011563673615456,0.04591670259833336,0.048588868230581284,0.026763267815113068,0.032834265381097794
86,3583.3333333333335,,,,insightface_bbox,0.8724030256271362,365.68817138671875,662.2269897460938,1886.1280517578125,2817.315185546875,0,0,0,0,0,0,0,1,0,0,0,0,0.042774748057127,0.031751472502946854,0.08333899080753326,0.021471062675118446,0.015581351704895496,0.03251871466636658,0.008898893371224403,0.03512432426214218,0.041666179895401,0.06528650969266891,0.10051484405994415,0.07129724323749542
87,3625.0,,,,insightface_bbox,0.8724030256271362,365.68817138671875,662.2269897460938,1886.1280517578125,2817.315185546875,0,0,0,0,0,0,0,0,0,0,0,0,0.06253418326377869,0.04421750456094742,0.09691004455089569,0.03092202916741371,0.02623264119029045,0.038713522255420685,0.01813049241900444,0.03938575088977814,0.03969242796301842,0.06947548687458038,0.1463891863822937,0.09223484247922897
88,3666.6666666666665,,,,insightface_bbox,0.8724030256271362,365.68817138671875,662.2269897460938,1886.1280517578125,2817.315185546875,0,0,0,0,0,1,0,0,0,0,0,0,0.1029384508728981,0.08671089261770248,0.15903973579406738,0.08726314455270767,0.0576905682682991,0.07099092751741409,0.1262933313846588,0.06555178761482239,0.045446909964084625,0.09645011276006699,0.178094282746315,0.14025259017944336
89,3708.3333333333335,,,,insightface_bbox,0.8724030256271362,365.68817138671875,662.2269897460938,1886.1280517578125,2817.315185546875,0,0,0,0,0,1,0,0,0,0,0,0,0.10473381727933884,0.09286456555128098,0.15703536570072174,0.08901390433311462,0.06637730449438095,0.07069899141788483,0.1558043211698532,0.07278776913881302,0.0460159033536911,0.10497333109378815,0.17666740715503693,0.15628844499588013
90,3750.0,,,,insightface_bbox,0.8340839147567749,325.76861572265625,742.7218017578125,1825.1495361328125,2869.2685546875,0,0,0,0,0,1,0,0,0,0,0,0,0.1104695200920105,0.10205146670341492,0.20056122541427612,0.08758823573589325,0.06189050152897835,0.08408688008785248,0.11410783976316452,0.10018351674079895,0.054400064051151276,0.13171179592609406,0.23492923378944397,0.2154117226600647
91,3791.6666666666665,,,,insightface_bbox,0.8340839147567749,325.76861572265625,742.7218017578125,1825.1495361328125,2869.2685546875,0,0,0,0,0,1,0,0,0,0,0,0,0.09461873024702072,0.07848703861236572,0.130386620759964,0.06912875920534134,0.04960484802722931,0.06932120770215988,0.11196348071098328,0.06547952443361282,0.04442865401506424,0.10709252208471298,0.19298501312732697,0.14970755577087402
92,3833.3333333333335,,,,insightface_bbox,0.8340839147567749,325.76861572265625,742.7218017578125,1825.1495361328125,2869.2685546875,0,0,0,0,0,1,0,0,0,0,0,0,0.06448706984519958,0.04608217254281044,0.0985230952501297,0.039309486746788025,0.023031597957015038,0.04650865122675896,0.054261431097984314,0.037165939807891846,0.03930217772722244,0.07330477237701416,0.09083933383226395,0.062045834958553314
93,3875.0,,,,insightface_bbox,0.8340839147567749,325.76861572265625,742.7218017578125,1825.1495361328125,2869.2685546875,0,0,0,0,0,0,0,0,0,0,0,0,0.03964581340551376,0.029663149267435074,0.07396090775728226,0.02411103993654251,0.011744326911866665,0.031623490154743195,0.014987453818321228,0.02660634182393551,0.03961006551980972,0.049175672233104706,0.03134365752339363,0.029481787234544754
94,3916.6666666666665,,,,insightface_bbox,0.8340839147567749,325.76861572265625,742.7218017578125,1825.1495361328125,2869.2685546875,0,0,0,0,0,0,0,0,0,0,0,0,0.0383581668138504,0.02914883941411972,0.06889881938695908,0.023618239909410477,0.011671659536659718,0.0322524756193161,0.013951793313026428,0.027089521288871765,0.03997855260968208,0.04932598024606705,0.031371936202049255,0.029340291395783424
95,3958.3333333333335,,,,insightface_bbox,0.8340839147567749,325.76861572265625,742.7218017578125,1825.1495361328125,2869.2685546875,0,0,0,0,0,0,0,0,0,0,0,0,0.025023827329277992,0.020295117050409317,0.03916021063923836,0.016582338139414787,0.007782198954373598,0.01722710393369198,0.00905546359717846,0.018579278141260147,0.034138455986976624,0.033834874629974365,0.00796886719763279,0.017319511622190475
96,4000.0,,,,insightface_bbox,0.8330076932907104,319.70196533203125,698.9518432617188,1811.797607421875,2721.408447265625,0,0,0,0,0,0,0,0,0,0,0,0,0.025367969647049904,0.02084304578602314,0.036089323461055756,0.017266158014535904,0.006906704977154732,0.016776088625192642,0.006337215192615986,0.017464932054281235,0.03233892098069191,0.029646532610058784,0.007874643430113792,0.017320170998573303
97,4041.666666666667,,,,insightface_bbox,0.8330076932907104,319.70196533203125,698.9518432617188,1811.797607421875,2721.408447265625,0,0,0,0,0,0,0,0,0,0,0,0,0.022838309407234192,0.01839897781610489,0.030523724853992462,0.01529229711741209,0.006937388796359301,0.015205265022814274,0.006296383682638407,0.01651046983897686,0.032887186855077744,0.030634254217147827,0.005861077923327684,0.015465160831809044
98,4083.333333333333,,,,insightface_bbox,0.8330076932907104,319.70196533203125,698.9518432617188,1811.797607421875,2721.408447265625,0,0,0,0,0,0,0,0,0,0,0,0,0.024350116029381752,0.02005092427134514,0.033492498099803925,0.015180211514234543,0.007395797409117222,0.01536041870713234,0.006212631240487099,0.0162295401096344,0.032884351909160614,0.03012639284133911,0.005038879346102476,0.015535269863903522
99,4125.0,,,,insightface_bbox,0.8330076932907104,319.70196533203125,698.9518432617188,1811.797607421875,2721.408447265625,0,0,0,0,0,0,0,0,0,0,0,0,0.024044770747423172,0.019832845777273178,0.03363010287284851,0.01487471628934145,0.007361430674791336,0.015504122711718082,0.006036765407770872,0.016171719878911972,0.033348448574543,0.030761009082198143,0.004942784551531076,0.015305088832974434
100,4166.666666666667,,,,insightface_bbox,0.8330076932907104,319.70196533203125,698.9518432617188,1811.797607421875,2721.408447265625,0,0,0,0,0,0,0,0,0,0,0,0,0.022471513599157333,0.01865706965327263,0.03266259282827377,0.014070347882807255,0.006580885965377092,0.014378279447555542,0.004940496291965246,0.015141722746193409,0.032421328127384186,0.02913331240415573,0.00439550681039691,0.014122487977147102
101,4208.333333333333,,,,insightface_bbox,0.8330076932907104,319.70196533203125,698.9518432617188,1811.797607421875,2721.408447265625,0,0,0,0,0,0,0,0,0,0,0,0,0.022378860041499138,0.018514253199100494,0.03355761244893074,0.01416650041937828,0.006670215632766485,0.014250692911446095,0.004973519127815962,0.015173081308603287,0.03231839835643768,0.028970766812562943,0.004408814013004303,0.013388102874159813
102,4250.0,,,,insightface_bbox,0.8298909068107605,323.6502685546875,725.645751953125,1816.21630859375,2703.52880859375,0,0,0,0,0,0,0,0,0,0,0,0,0.021460849791765213,0.01712917350232601,0.031147673726081848,0.015033923089504242,0.006724926643073559,0.013875081203877926,0.00550458300858736,0.014963995665311813,0.03160389885306358,0.027560235932469368,0.0043237414211034775,0.012944359332323074
103,4291.666666666667,,,,insightface_bbox,0.8298909068107605,323.6502685546875,725.645751953125,1816.21630859375,2703.52880859375,0,0,0,0,0,0,0,0,0,0,0,0,0.02121027372777462,0.015989098697900772,0.02836780995130539,0.014379852451384068,0.006761126685887575,0.014345386065542698,0.006147319450974464,0.015258676372468472,0.033078309148550034,0.028303448110818863,0.004411858506500721,0.013378225266933441
104,4333.333333333333,,,,insightface_bbox,0.8298909068107605,323.6502685546875,725.645751953125,1816.21630859375,2703.52880859375,0,0,0,0,0,0,0,0,0,0,0,0,0.019923675805330276,0.014806490391492844,0.027497636154294014,0.01372948382049799,0.006659504026174545,0.014372264966368675,0.006254569627344608,0.014861230738461018,0.033020731061697006,0.027868356555700302,0.003988616168498993,0.01280934363603592
105,4375.0,,,,insightface_bbox,0.8298909068107605,323.6502685546875,725.645751953125,1816.21630859375,2703.52880859375,0,0,0,0,0,0,0,0,0,0,0,0,0.019599152728915215,0.0146305151283741,0.028166010975837708,0.013753320090472698,0.0068680355325341225,0.014071149751543999,0.006124388892203569,0.014721494168043137,0.03387425094842911,0.02877618744969368,0.00438630860298872,0.012000677175819874
106,4416.666666666667,,,,insightface_bbox,0.8298909068107605,323.6502685546875,725.645751953125,1816.21630859375,2703.52880859375,0,0,0,0,0,0,0,0,0,0,0,0,0.020504310727119446,0.015691272914409637,0.03399123251438141,0.014836824499070644,0.007165998686105013,0.015295218676328659,0.0063173845410346985,0.015188966877758503,0.03457975760102272,0.030885199084877968,0.005985959433019161,0.012463431805372238
107,4458.333333333333,,,,insightface_bbox,0.8298909068107605,323.6502685546875,725.645751953125,1816.21630859375,2703.52880859375,0,0,0,0,0,0,0,0,0,0,0,0,0.03330686688423157,0.02871653437614441,0.05917469039559364,0.022076942026615143,0.011460642330348492,0.039096493273973465,0.008763606660068035,0.03230158984661102,0.039476387202739716,0.049926359206438065,0.05346134677529335,0.04545459896326065
108,4500.0,,,,insightface_bbox,0.8438425064086914,328.1575012207031,750.252197265625,1824.5804443359375,2800.30908203125,0,0,0,0,0,0,0,0,0,0,0,0,0.032279543578624725,0.025515899062156677,0.05824059247970581,0.021922608837485313,0.01163441687822342,0.030881423503160477,0.013849223032593727,0.02565358206629753,0.03276659548282623,0.048770345747470856,0.049316734075546265,0.03415532410144806
109,4541.666666666667,,,,insightface_bbox,0.8438425064086914,328.1575012207031,750.252197265625,1824.5804443359375,2800.30908203125,0,0,0,0,0,0,0,0,0,0,0,0,0.02970888279378414,0.02617277018725872,0.05187245085835457,0.02102409303188324,0.011318400502204895,0.029611604288220406,0.011969691142439842,0.02461959607899189,0.034067168831825256,0.04895956069231033,0.046824775636196136,0.0287966039031744
110,4583.333333333333,,,,insightface_bbox,0.8438425064086914,328.1575012207031,750.252197265625,1824.5804443359375,2800.30908203125,0,0,0,0,0,0,0,0,0,0,0,0,0.0328705869615078,0.02924342453479767,0.05338786169886589,0.022297019138932228,0.012085669673979282,0.030951306223869324,0.011871978640556335,0.02605757862329483,0.03752286359667778,0.04878443479537964,0.03917946666479111,0.027571409940719604
111,4625.0,,,,insightface_bbox,0.8438425064086914,328.1575012207031,750.252197265625,1824.5804443359375,2800.30908203125,0,0,0,0,0,0,0,0,0,0,0,0,0.032720234245061874,0.029499568045139313,0.05597420409321785,0.0224147941917181,0.011979852803051472,0.031694818288087845,0.011205929331481457,0.02631056122481823,0.03824339061975479,0.04971243068575859,0.037774208933115005,0.026900628581643105
112,4666.666666666667,,,,insightface_bbox,0.8438425064086914,328.1575012207031,750.252197265625,1824.5804443359375,2800.30908203125,0,0,0,0,0,0,0,0,0,0,0,0,0.03401132673025131,0.030259717255830765,0.05739936977624893,0.023409269750118256,0.012564856559038162,0.033088527619838715,0.011569233611226082,0.027307365089654922,0.0379767119884491,0.04964945465326309,0.038065265864133835,0.027221834287047386
113,4708.333333333333,,,,insightface_bbox,0.8438425064086914,328.1575012207031,750.252197265625,1824.5804443359375,2800.30908203125,0,0,0,0,0,0,0,0,0,0,0,0,0.03302697464823723,0.029593419283628464,0.05950848013162613,0.022994091734290123,0.012725761160254478,0.03304387629032135,0.011488072574138641,0.027154644951224327,0.03812181204557419,0.05049198493361473,0.03369033709168434,0.02505427412688732
114,4750.0,,,,insightface_bbox,0.83428555727005,318.973388671875,748.6461791992188,1819.128662109375,2765.089599609375,0,0,0,0,0,0,0,0,0,0,0,0,0.03422439843416214,0.02922334522008896,0.08134295046329498,0.023776598274707794,0.01428014412522316,0.03499560430645943,0.011600897647440434,0.027821140363812447,0.03817177936434746,0.05122910439968109,0.0348074696958065,0.02496345341205597
115,4791.666666666667,,,,insightface_bbox,0.83428555727005,318.973388671875,748.6461791992188,1819.128662109375,2765.089599609375,0,0,0,0,0,0,0,0,0,0,0,0,0.031859803944826126,0.026068780571222305,0.07895495742559433,0.021392108872532845,0.0119453901425004,0.029563218355178833,0.0098646255210042,0.024739883840084076,0.03656250983476639,0.043744660913944244,0.021609945222735405,0.021573584526777267
116,4833.333333333333,,,,insightface_bbox,0.83428555727005,318.973388671875,748.6461791992188,1819.128662109375,2765.089599609375,0,0,0,0,0,0,0,0,0,0,0,0,0.032001085579395294,0.025938497856259346,0.0857151448726654,0.021250413730740547,0.011529909446835518,0.02765769325196743,0.009944719262421131,0.02352105639874935,0.03578441962599754,0.04011105000972748,0.015406759455800056,0.019401663914322853
117,4875.0,,,,insightface_bbox,0.83428555727005,318.973388671875,748.6461791992188,1819.128662109375,2765.089599609375,0,0,0,0,0,0,0,0,0,0,0,0,0.03293363004922867,0.02642073854804039,0.08595634251832962,0.0217573344707489,0.011286519467830658,0.02897311933338642,0.010312207043170929,0.023839078843593597,0.03771767392754555,0.043048564344644547,0.017139865085482597,0.01916603185236454
118,4916.666666666667,,,,insightface_bbox,0.83428555727005,318.973388671875,748.6461791992188,1819.128662109375,2765.089599609375,0,0,0,0,0,0,0,0,0,0,0,0,0.032637737691402435,0.02563808299601078,0.08444252610206604,0.021373193711042404,0.011092524975538254,0.028576457872986794,0.010664023458957672,0.023269131779670715,0.03765067085623741,0.04262572154402733,0.01468624733388424,0.018493130803108215
119,4958.333333333333,,,,insightface_bbox,0.83428555727005,318.973388671875,748.6461791992188,1819.128662109375,2765.089599609375,0,0,0,0,0,0,0,0,0,0,0,0,0.03474881127476692,0.026709068566560745,0.09318552166223526,0.022189557552337646,0.011852115392684937,0.030593181028962135,0.012642789632081985,0.02405400201678276,0.03995843604207039,0.04537764936685562,0.013663018122315407,0.018985241651535034
120,5000.0,,,,insightface_bbox,0.8327590823173523,318.8691101074219,754.0350952148438,1820.8341064453125,2741.9658203125,0,0,0,0,0,0,0,0,0,0,0,0,0.03502945601940155,0.02607194520533085,0.10438968241214752,0.022501543164253235,0.012754440307617188,0.03166927024722099,0.013078144751489162,0.024761643260717392,0.039072971791028976,0.045760899782180786,0.016484158113598824,0.020006245002150536
121,5041.666666666667,,,,insightface_bbox,0.8327590823173523,318.8691101074219,754.0350952148438,1820.8341064453125,2741.9658203125,0,0,0,0,0,0,0,0,0,0,0,0,0.03878454864025116,0.02841157466173172,0.137162446975708,0.023743730038404465,0.01382420677691698,0.03745698556303978,0.012476522475481033,0.027974722906947136,0.04196567460894585,0.05091428384184837,0.02718336135149002,0.02213430404663086
122,5083.333333333333,,,,insightface_bbox,0.8327590823173523,318.8691101074219,754.0350952148438,1820.8341064453125,2741.9658203125,0,0,0,0,0,1,0,0,0,0,0,0,0.054049063473939896,0.03778865933418274,0.18893510103225708,0.03670528903603554,0.020083507522940636,0.0750071257352829,0.0238319281488657,0.04626525565981865,0.04328589141368866,0.07646211981773376,0.3677150309085846,0.06444565206766129
123,5125.0,,,,insightface_bbox,0.8327590823173523,318.8691101074219,754.0350952148438,1820.8341064453125,2741.9658203125,0,0,0,0,0,1,0,0,0,0,0,0,0.053596675395965576,0.039981141686439514,0.20381596684455872,0.037528760731220245,0.02698459103703499,0.07536759972572327,0.028245385736227036,0.046644605696201324,0.04305456578731537,0.07971585541963577,0.2950335741043091,0.06142253428697586
124,5166.666666666667,,,,insightface_bbox,0.8327590823173523,318.8691101074219,754.0350952148438,1820.8341064453125,2741.9658203125,0,0,0,0,0,1,0,0,0,0,0,0,0.0502178780734539,0.03725646063685417,0.17690622806549072,0.03492897003889084,0.02858998067677021,0.06127329170703888,0.02820250764489174,0.04284543916583061,0.04534761980175972,0.07462958991527557,0.14244723320007324,0.045842938125133514
125,5208.333333333333,,,,insightface_bbox,0.8327590823173523,318.8691101074219,754.0350952148438,1820.8341064453125,2741.9658203125,0,0,0,0,0,0,0,0,0,0,0,0,0.047781284898519516,0.034881800413131714,0.15848734974861145,0.031710654497146606,0.021201562136411667,0.05282628908753395,0.018863288685679436,0.03999017924070358,0.045553892850875854,0.06994093954563141,0.11233796179294586,0.04097028821706772
126,5250.0,,,,insightface_bbox,0.8344119787216187,320.7082214355469,763.5484008789062,1817.9505615234375,2750.484375,0,0,0,0,0,0,0,0,0,0,0,0,0.03832097724080086,0.02779608592391014,0.12895432114601135,0.022860942408442497,0.014182917773723602,0.03386905789375305,0.011799948289990425,0.028539372608065605,0.04369710385799408,0.049913518130779266,0.019874144345521927,0.020536866039037704
127,5291.666666666667,,,,insightface_bbox,0.8344119787216187,320.7082214355469,763.5484008789062,1817.9505615234375,2750.484375,0,0,0,0,0,0,0,0,0,0,0,0,0.03881911560893059,0.028513971716165543,0.1274210661649704,0.022860420867800713,0.013745710253715515,0.03412211686372757,0.011688167229294777,0.027797576040029526,0.04471594840288162,0.05003206059336662,0.01771165244281292,0.020166298374533653
128,5333.333333333333,,,,insightface_bbox,0.8344119787216187,320.7082214355469,763.5484008789062,1817.9505615234375,2750.484375,0,0,0,0,0,0,0,0,0,0,0,0,0.04270230978727341,0.029984062537550926,0.13251174986362457,0.024544736370444298,0.0156303271651268,0.03813032805919647,0.013563790358603,0.03132621571421623,0.048132311552762985,0.05580676347017288,0.024326834827661514,0.02392629161477089
129,5375.0,,,,insightface_bbox,0.8344119787216187,320.7082214355469,763.5484008789062,1817.9505615234375,2750.484375,0,0,0,0,0,0,0,0,0,0,0,0,0.042691148817539215,0.028770362958312035,0.12056001275777817,0.024123158305883408,0.015184497460722923,0.036733947694301605,0.013249730691313744,0.03127317503094673,0.04780521243810654,0.05803479254245758,0.026993604376912117,0.024070627987384796
130,5416.666666666667,,,,insightface_bbox,0.8344119787216187,320.7082214355469,763.5484008789062,1817.9505615234375,2750.484375,0,0,0,0,0,0,0,0,0,0,0,0,0.04368601739406586,0.029277296736836433,0.12081809341907501,0.02443460002541542,0.015150148421525955,0.036651935428380966,0.01356593705713749,0.03145803511142731,0.04923233389854431,0.058888524770736694,0.02780149132013321,0.02526078373193741
131,5458.333333333333,,,,insightface_bbox,0.8344119787216187,320.7082214355469,763.5484008789062,1817.9505615234375,2750.484375,0,0,0,0,0,0,0,0,0,0,0,0,0.044326599687337875,0.029900487512350082,0.11212871968746185,0.024472136050462723,0.015249190852046013,0.03636382520198822,0.01349644921720028,0.031500380486249924,0.048667147755622864,0.059681475162506104,0.028998374938964844,0.025725778192281723
132,5500.0,,,,insightface_bbox,0.8184826970100403,309.43450927734375,773.5702514648438,1818.84814453125,2765.64990234375,0,0,0,0,0,0,0,0,0,0,0,0,0.037327978760004044,0.02659178152680397,0.08829376101493835,0.022118695080280304,0.013976573944091797,0.03129393234848976,0.010364796966314316,0.027320150285959244,0.047382060438394547,0.055696479976177216,0.018704796209931374,0.02316451631486416
133,5541.666666666667,,,,insightface_bbox,0.8184826970100403,309.43450927734375,773.5702514648438,1818.84814453125,2765.64990234375,0,0,0,0,0,0,0,0,0,0,0,0,0.03672424703836441,0.026403963565826416,0.08814820647239685,0.021875709295272827,0.01409474853426218,0.03166795149445534,0.009507065638899803,0.027634043246507645,0.04706372320652008,0.05657564848661423,0.020580753684043884,0.02225692942738533
134,5583.333333333333,,,,insightface_bbox,0.8184826970100403,309.43450927734375,773.5702514648438,1818.84814453125,2765.64990234375,0,0,0,0,0,0,0,0,0,0,0,0,0.03666859492659569,0.026494931429624557,0.08621889352798462,0.02215176448225975,0.014313848689198494,0.031278837472200394,0.009840103797614574,0.027850614860653877,0.04628114774823189,0.056017372757196426,0.020507581532001495,0.022437725216150284
135,5625.0,,,,insightface_bbox,0.8184826970100403,309.43450927734375,773.5702514648438,1818.84814453125,2765.64990234375,0,0,0,0,0,0,0,0,0,0,0,0,0.036273207515478134,0.026147358119487762,0.08780934661626816,0.021939851343631744,0.014573495835065842,0.03141262009739876,0.009716670028865337,0.028030557557940483,0.04645118862390518,0.056497685611248016,0.020464017987251282,0.02179154008626938
136,5666.666666666667,,,,insightface_bbox,0.8184826970100403,309.43450927734375,773.5702514648438,1818.84814453125,2765.64990234375,0,0,0,0,0,0,0,0,0,0,0,0,0.036019958555698395,0.026021301746368408,0.09216583520174026,0.02213747426867485,0.015163476578891277,0.03198628127574921,0.00980718806385994,0.028745902702212334,0.045832499861717224,0.05650578439235687,0.021837472915649414,0.022368133068084717
137,5708.333333333333,,,,insightface_bbox,0.8184826970100403,309.43450927734375,773.5702514648438,1818.84814453125,2765.64990234375,0,0,0,0,0,0,0,0,0,0,0,0,0.034778159111738205,0.025447381660342216,0.08867093920707703,0.021391652524471283,0.014762047678232193,0.03092736378312111,0.00872713141143322,0.02827560156583786,0.0452079102396965,0.05594407767057419,0.020288890227675438,0.020833129063248634
138,5750.0,,,,insightface_bbox,0.8157888650894165,308.4577331542969,777.6396484375,1819.1396484375,2763.1494140625,0,0,0,0,0,0,0,0,0,0,0,0,0.035235948860645294,0.026020634919404984,0.09665649384260178,0.021838964894413948,0.014447047375142574,0.031131088733673096,0.008839372545480728,0.027738694101572037,0.04520165175199509,0.05388419330120087,0.017627324908971786,0.020504962652921677
139,5791.666666666667,,,,insightface_bbox,0.8157888650894165,308.4577331542969,777.6396484375,1819.1396484375,2763.1494140625,0,0,0,0,0,0,0,0,0,0,0,0,0.033580876886844635,0.025673722848296165,0.08896730095148087,0.021355919539928436,0.013746663928031921,0.028695112094283104,0.008430643007159233,0.02623988315463066,0.04308338463306427,0.05159202590584755,0.01376787293702364,0.018890298902988434
140,5833.333333333333,,,,insightface_bbox,0.8157888650894165,308.4577331542969,777.6396484375,1819.1396484375,2763.1494140625,0,0,0,0,0,0,0,0,0,0,0,0,0.0323069803416729,0.02515336684882641,0.0931074395775795,0.021333057433366776,0.013574320822954178,0.027262607589364052,0.008523190394043922,0.02570021152496338,0.04068774729967117,0.047427449375391006,0.012206733226776123,0.01850183866918087
141,5875.0,,,,insightface_bbox,0.8157888650894165,308.4577331542969,777.6396484375,1819.1396484375,2763.1494140625,0,0,0,0,0,0,0,0,0,0,0,0,0.02753964439034462,0.020984817296266556,0.05887600779533386,0.01818622276186943,0.011087191291153431,0.02189856953918934,0.007200680673122406,0.022669872269034386,0.037406567484140396,0.04330883175134659,0.010276167653501034,0.016938351094722748
142,5916.666666666667,,,,insightface_bbox,0.8157888650894165,308.4577331542969,777.6396484375,1819.1396484375,2763.1494140625,0,0,0,0,0,0,0,0,0,0,0,0,0.026120245456695557,0.01939678192138672,0.05446150526404381,0.017106875777244568,0.009925253689289093,0.020203327760100365,0.007215295452624559,0.021704602986574173,0.037706200033426285,0.04231719300150871,0.009033594280481339,0.017253264784812927
143,5958.333333333333,,,,insightface_bbox,0.8157888650894165,308.4577331542969,777.6396484375,1819.1396484375,2763.1494140625,0,0,0,0,0,0,0,0,0,0,0,0,0.02478966675698757,0.018533745780587196,0.051692280918359756,0.015535601414740086,0.008311629295349121,0.019296184182167053,0.007881968282163143,0.020968422293663025,0.044145964086055756,0.044085726141929626,0.010633272118866444,0.018700681626796722
144,6000.0,,,,insightface_bbox,0.8291181921958923,317.5679626464844,778.5081176757812,1814.855712890625,2785.828125,0,0,0,0,0,0,0,0,0,0,0,0,0.030714411288499832,0.022916698828339577,0.0699196383357048,0.01716688461601734,0.008288096636533737,0.02384783700108528,0.01052945852279663,0.022690219804644585,0.058697886765003204,0.04550899565219879,0.0178234726190567,0.02373848855495453
145,6041.666666666667,,,,insightface_bbox,0.8291181921958923,317.5679626464844,778.5081176757812,1814.855712890625,2785.828125,0,0,0,0,0,0,0,0,0,0,0,0,0.033147480338811874,0.024699533358216286,0.07782775908708572,0.018636472523212433,0.009806151501834393,0.02614155411720276,0.013729365542531013,0.023656323552131653,0.0633326843380928,0.050013355910778046,0.02128772623836994,0.027033435180783272
146,6083.333333333333,,,,insightface_bbox,0.8291181921958923,317.5679626464844,778.5081176757812,1814.855712890625,2785.828125,0,0,0,0,0,0,0,0,0,0,0,0,0.03858248144388199,0.02803594246506691,0.09158570319414139,0.021276216953992844,0.012723413296043873,0.03301411494612694,0.01980101317167282,0.025064747780561447,0.06997715681791306,0.0548095703125,0.02372535690665245,0.03159162029623985
147,6125.0,,,,insightface_bbox,0.8291181921958923,317.5679626464844,778.5081176757812,1814.855712890625,2785.828125,0,0,0,0,0,0,0,0,0,0,0,0,0.03877494856715202,0.028466640040278435,0.09370237588882446,0.02148011513054371,0.012958791106939316,0.03384261578321457,0.020504212006926537,0.02530398778617382,0.07227695733308792,0.055871423333883286,0.02323034405708313,0.03154166415333748
148,6166.666666666667,,,,insightface_bbox,0.8291181921958923,317.5679626464844,778.5081176757812,1814.855712890625,2785.828125,0,0,0,0,0,0,0,0,0,0,0,0,0.03504440560936928,0.026430703699588776,0.09538479894399643,0.021800853312015533,0.014825868420302868,0.03249707818031311,0.02203226462006569,0.02563859522342682,0.08287012577056885,0.0572613850235939,0.015482740476727486,0.029520731419324875
149,6208.333333333333,,,,insightface_bbox,0.8291181921958923,317.5679626464844,778.5081176757812,1814.855712890625,2785.828125,0,0,0,0,0,0,0,0,0,1,0,0,0.036018986254930496,0.026912011206150055,0.10908296704292297,0.022880787029862404,0.01692534238100052,0.03407781943678856,0.023628240451216698,0.02668578363955021,0.08996512740850449,0.059547193348407745,0.013286461122334003,0.02862989902496338
150,6250.0,,,,insightface_bbox,0.8199504017829895,316.4284973144531,811.9852294921875,1815.2281494140625,2780.08447265625,0,0,0,0,0,0,0,1,0,1,0,0,0.04217073321342468,0.029951835051178932,0.1348748356103897,0.025019526481628418,0.01953485980629921,0.040544405579566956,0.027830125764012337,0.02799052745103836,0.10027628391981125,0.06409626454114914,0.012388022616505623,0.02892611175775528
151,6291.666666666667,,,,insightface_bbox,0.8199504017829895,316.4284973144531,811.9852294921875,1815.2281494140625,2780.08447265625,0,0,0,0,0,0,0,1,0,1,0,0,0.042044587433338165,0.02831767313182354,0.12714794278144836,0.02431844361126423,0.01850372739136219,0.0386221706867218,0.02544703148305416,0.027257295325398445,0.09959085285663605,0.0651644617319107,0.01107411552220583,0.027453415095806122
152,6333.333333333333,,,,insightface_bbox,0.8199504017829895,316.4284973144531,811.9852294921875,1815.2281494140625,2780.08447265625,0,0,0,0,0,0,0,0,0,1,0,1,0.05242977291345596,0.03060736507177353,0.15392319858074188,0.02539953403174877,0.018344085663557053,0.04676345735788345,0.02423771843314171,0.02960164286196232,0.11021868884563446,0.06875824928283691,0.013185287825763226,0.029693495482206345
153,6375.0,,,,insightface_bbox,0.8199504017829895,316.4284973144531,811.9852294921875,1815.2281494140625,2780.08447265625,0,0,1,0,0,0,0,0,0,0,0,0,0.05206257104873657,0.029565516859292984,0.16206742823123932,0.022838721051812172,0.015081385150551796,0.04285139590501785,0.018703533336520195,0.027690289542078972,0.0961092934012413,0.06190478429198265,0.015339169651269913,0.026840578764677048
154,6416.666666666667,,,,insightface_bbox,0.8199504017829895,316.4284973144531,811.9852294921875,1815.2281494140625,2780.08447265625,0,0,1,0,0,0,0,0,0,0,0,0,0.05539882555603981,0.030473466962575912,0.1781662106513977,0.023145219311118126,0.015737585723400116,0.04289081320166588,0.019262684509158134,0.02646840363740921,0.09651381522417068,0.06241131201386452,0.018547169864177704,0.028006192296743393
155,6458.333333333333,,,,insightface_bbox,0.8199504017829895,316.4284973144531,811.9852294921875,1815.2281494140625,2780.08447265625,0,0,1,0,0,1,0,0,0,0,0,0,0.06239417940378189,0.03405454009771347,0.2289540320634842,0.02502824366092682,0.01883569359779358,0.04730786383152008,0.020126599818468094,0.028043705970048904,0.1036384329199791,0.06522030383348465,0.030808990821242332,0.03131052851676941
156,6500.0,,,,insightface_bbox,0.8344237208366394,280.3488464355469,730.7559814453125,1831.5252685546875,2826.11572265625,0,0,1,0,0,1,0,0,0,0,0,0,0.06535367667675018,0.04430370405316353,0.489272803068161,0.03562432527542114,0.0320146307349205,0.09666545689105988,0.03206397965550423,0.04133348912000656,0.09816668182611465,0.09330542385578156,0.13520100712776184,0.06228365749120712
157,6541.666666666667,,,,insightface_bbox,0.8344237208366394,280.3488464355469,730.7559814453125,1831.5252685546875,2826.11572265625,0,0,1,0,1,1,0,1,0,0,0,0,0.07472001761198044,0.04943292215466499,0.5716231465339661,0.03645448014140129,0.04289965704083443,0.09919493645429611,0.036667779088020325,0.040345512330532074,0.10147809982299805,0.09404092282056808,0.09170367568731308,0.0528620183467865
158,6583.333333333333,,,,insightface_bbox,0.8344237208366394,280.3488464355469,730.7559814453125,1831.5252685546875,2826.11572265625,0,0,1,0,1,1,0,1,0,1,0,1,0.042997557669878006,0.039778050035238266,0.4906386733055115,0.030070696026086807,0.0393335185945034,0.08209705352783203,0.049801670014858246,0.02719762735068798,0.09930028021335602,0.06899790465831757,0.007447458803653717,0.02422500215470791
159,6625.0,,,,insightface_bbox,0.8344237208366394,280.3488464355469,730.7559814453125,1831.5252685546875,2826.11572265625,0,0,1,0,1,1,0,1,0,1,0,1,0.047287240624427795,0.03527281805872917,0.455024778842926,0.03274207562208176,0.04322787746787071,0.06426916271448135,0.10435033589601517,0.026079898700118065,0.08969762921333313,0.07224293053150177,0.009280230849981308,0.02729467861354351
160,6666.666666666667,,,,insightface_bbox,0.8344237208366394,280.3488464355469,730.7559814453125,1831.5252685546875,2826.11572265625,0,0,1,0,1,1,0,1,0,0,0,0,0.08752592653036118,0.05394614487886429,0.680290162563324,0.04517410695552826,0.08257634192705154,0.10516595840454102,0.10993637889623642,0.03829844668507576,0.11762548238039017,0.09408189356327057,0.025466136634349823,0.06259343028068542
161,6708.333333333333,,,,insightface_bbox,0.8344237208366394,280.3488464355469,730.7559814453125,1831.5252685546875,2826.11572265625,0,0,1,0,1,1,0,1,0,0,0,0,0.15775619447231293,0.07129399478435516,0.9484132528305054,0.0809742659330368,0.11098518967628479,0.15555456280708313,0.1570776104927063,0.054650697857141495,0.09563293308019638,0.13933907449245453,0.15951204299926758,0.24354463815689087
162,6750.0,,,,insightface_bbox,0.7773287296295166,241.991455078125,601.3125610351562,1909.3289794921875,3045.099853515625,0,0,1,0,1,1,0,0,0,0,0,0,0.20769192278385162,0.12193073332309723,0.8508875966072083,0.2676839828491211,0.16133490204811096,0.13807779550552368,0.8395738005638123,0.09362255036830902,0.141941100358963,0.2295440137386322,0.10293497145175934,0.342795193195343
163,6791.666666666667,,,,insightface_bbox,0.7773287296295166,241.991455078125,601.3125610351562,1909.3289794921875,3045.099853515625,0,0,1,0,1,1,0,0,0,0,0,0,0.23874229192733765,0.12290141731500626,0.6582249402999878,0.22123903036117554,0.15859803557395935,0.11889006942510605,0.7670596837997437,0.07594367861747742,0.12733379006385803,0.19748550653457642,0.09392999112606049,0.39272528886795044
164,6833.333333333333,,,,insightface_bbox,0.7773287296295166,241.991455078125,601.3125610351562,1909.3289794921875,3045.099853515625,0,0,1,0,1,1,0,0,0,0,0,0,0.23881345987319946,0.11695718765258789,0.5506572723388672,0.21131283044815063,0.13991427421569824,0.11365006864070892,0.6942837834358215,0.07567083835601807,0.13863688707351685,0.2050342857837677,0.08647531270980835,0.364529013633728
165,6875.0,,,,insightface_bbox,0.7773287296295166,241.991455078125,601.3125610351562,1909.3289794921875,3045.099853515625,0,0,1,0,1,1,0,0,0,0,0,0,0.15952302515506744,0.09076254069805145,0.5683388113975525,0.18094392120838165,0.08974771201610565,0.09591735154390335,0.34240272641181946,0.06124267727136612,0.09338228404521942,0.13462233543395996,0.07638242840766907,0.18757998943328857
166,6916.666666666667,,,,insightface_bbox,0.7773287296295166,241.991455078125,601.3125610351562,1909.3289794921875,3045.099853515625,0,0,1,0,1,1,0,0,0,0,0,0,0.15737885236740112,0.10192087292671204,0.7388747930526733,0.18825238943099976,0.12339265644550323,0.12785835564136505,0.4936707615852356,0.07123704999685287,0.08004870265722275,0.15217986702919006,0.0971260666847229,0.17022447288036346
167,6958.333333333333,,,,insightface_bbox,0.7773287296295166,241.991455078125,601.3125610351562,1909.3289794921875,3045.099853515625,0,0,1,0,1,1,0,1,0,0,0,0,0.07074187695980072,0.04414800554513931,1.1132292747497559,0.047274693846702576,0.06737589091062546,0.14648191630840302,0.09164485335350037,0.03583279997110367,0.057535916566848755,0.0712408721446991,0.09081042557954788,0.05761350691318512
168,7000.0,,,,insightface_bbox,0.8154069185256958,183.74789428710938,560.79931640625,1939.231201171875,2948.278076171875,0,0,1,0,1,1,0,1,0,0,0,0,0.04796918109059334,0.033948227763175964,0.6194962859153748,0.030075855553150177,0.05842927098274231,0.10333868861198425,0.043585553765296936,0.0308007150888443,0.0843048021197319,0.06795762479305267,0.034187156707048416,0.0367654524743557
169,7041.666666666667,,,,insightface_bbox,0.8154069185256958,183.74789428710938,560.79931640625,1939.231201171875,2948.278076171875,0,0,1,0,1,1,0,1,0,0,0,0,0.048113539814949036,0.03346019983291626,0.6378515958786011,0.02921929769217968,0.05814676731824875,0.1053505390882492,0.043546564877033234,0.030028821900486946,0.07990355789661407,0.06531435251235962,0.032697100192308426,0.036012422293424606
170,7083.333333333333,,,,insightface_bbox,0.8154069185256958,183.74789428710938,560.79931640625,1939.231201171875,2948.278076171875,0,0,1,0,1,1,0,1,0,0,0,0,0.058405980467796326,0.03983307257294655,0.6648486852645874,0.0350753478705883,0.05651785433292389,0.12623968720436096,0.04775708168745041,0.03396094590425491,0.07438886910676956,0.07077288627624512,0.042977623641490936,0.04716800898313522
171,7125.0,,,,insightface_bbox,0.8154069185256958,183.74789428710938,560.79931640625,1939.231201171875,2948.278076171875,0,0,1,0,1,1,0,1,0,0,0,0,0.05918657034635544,0.0372246615588665,0.8443182110786438,0.03978431597352028,0.0627288818359375,0.1591031402349472,0.05770653486251831,0.03343093767762184,0.06372963637113571,0.07207392156124115,0.03692600131034851,0.05106418952345848
172,7166.666666666667,,,,insightface_bbox,0.8154069185256958,183.74789428710938,560.79931640625,1939.231201171875,2948.278076171875,0,0,1,0,1,1,0,1,0,0,0,0,0.05562705919146538,0.0387377105653286,1.0034010410308838,0.04281850904226303,0.08156754076480865,0.19976204633712769,0.1376136839389801,0.03250037133693695,0.059078264981508255,0.07644489407539368,0.030666587874293327,0.050953567028045654
173,7208.333333333333,,,,insightface_bbox,0.8154069185256958,183.74789428710938,560.79931640625,1939.231201171875,2948.278076171875,0,0,1,1,1,1,0,1,0,0,0,0,0.05373707041144371,0.03997187688946724,1.117050290107727,0.04765508323907852,0.11421500146389008,0.2656713128089905,0.2102137953042984,0.03406805545091629,0.058111511170864105,0.07615780830383301,0.041275180876255035,0.05168371647596359
174,7250.0,,,,insightface_bbox,0.7623673677444458,193.66314697265625,593.2046508789062,1972.18798828125,3028.494140625,0,0,1,1,1,1,0,1,0,0,0,0,0.052419185638427734,0.05138150602579117,0.9482924938201904,0.05140934884548187,0.12721316516399384,0.37672579288482666,0.3251667618751526,0.041288264095783234,0.07113426178693771,0.09224883466959,0.03861595690250397,0.05188863351941109
175,7291.666666666667,,,,insightface_bbox,0.7623673677444458,193.66314697265625,593.2046508789062,1972.18798828125,3028.494140625,0,0,1,1,1,1,0,1,0,0,0,0,0.06121629849076271,0.060353703796863556,0.9915004968643188,0.06301341950893402,0.14615830779075623,0.4482569098472595,0.3869031071662903,0.04867351055145264,0.07959543168544769,0.09768598526716232,0.05327773094177246,0.05705507844686508
176,7333.333333333333,,,,insightface_bbox,0.7623673677444458,193.66314697265625,593.2046508789062,1972.18798828125,3028.494140625,0,0,1,1,1,1,0,1,0,0,0,0,0.05346338823437691,0.05512012541294098,0.8489910364151001,0.06021855026483536,0.12686756253242493,0.27105534076690674,0.4061512351036072,0.046387575566768646,0.07201050221920013,0.10461001843214035,0.046277277171611786,0.05151920020580292
177,7375.0,,,,insightface_bbox,0.7623673677444458,193.66314697265625,593.2046508789062,1972.18798828125,3028.494140625,0,0,1,1,1,1,0,1,0,0,0,0,0.043547578155994415,0.048985254019498825,0.5533445477485657,0.053535088896751404,0.09733084589242935,0.15620248019695282,0.37618786096572876,0.04045760631561279,0.06400059908628464,0.1024528443813324,0.03776198625564575,0.045397140085697174
178,7416.666666666667,,,,insightface_bbox,0.7623673677444458,193.66314697265625,593.2046508789062,1972.18798828125,3028.494140625,0,0,1,1,1,1,0,1,0,0,0,0,0.04376101866364479,0.04842502623796463,0.5442176461219788,0.053660474717617035,0.0964655876159668,0.15300534665584564,0.39381325244903564,0.03967521712183952,0.0652054101228714,0.10362325608730316,0.03641539812088013,0.046041715890169144
179,7458.333333333333,,,,insightface_bbox,0.7623673677444458,193.66314697265625,593.2046508789062,1972.18798828125,3028.494140625,0,0,1,1,1,1,0,1,0,0,0,0,0.042521461844444275,0.04635710269212723,0.4868592619895935,0.05304218828678131,0.08658713847398758,0.1253594160079956,0.35790252685546875,0.036535777151584625,0.06584125012159348,0.1001754030585289,0.03380250558257103,0.045336779206991196
180,7500.0,,,,insightface_bbox,0.7877906560897827,217.35223388671875,612.0562133789062,1985.4239501953125,2995.782958984375,0,0,1,1,1,1,1,1,0,0,0,0,0.04659257084131241,0.04799696058034897,0.4630798101425171,0.051256339997053146,0.09048280119895935,0.12279447913169861,0.30643430352211,0.038027871400117874,0.061539776623249054,0.09670030325651169,0.03699786961078644,0.04534430056810379
181,7541.666666666667,,,,insightface_bbox,0.7877906560897827,217.35223388671875,612.0562133789062,1985.4239501953125,2995.782958984375,0,0,1,1,1,1,1,1,0,0,0,0,0.0448974072933197,0.045342817902565,0.43789082765579224,0.04897158592939377,0.08539188653230667,0.10580682754516602,0.29080432653427124,0.036646369844675064,0.059943459928035736,0.09356417506933212,0.03480645269155502,0.043730370700359344
182,7583.333333333333,,,,insightface_bbox,0.7877906560897827,217.35223388671875,612.0562133789062,1985.4239501953125,2995.782958984375,0,0,1,1,1,1,1,1,0,0,0,0,0.04022799804806709,0.04207811504602432,0.33582839369773865,0.04506565257906914,0.07597734779119492,0.08759216964244843,0.2581075429916382,0.03405873477458954,0.05484882369637489,0.08791570365428925,0.028575047850608826,0.04052574932575226
183,7625.0,,,,insightface_bbox,0.7877906560897827,217.35223388671875,612.0562133789062,1985.4239501953125,2995.782958984375,0,0,1,0,1,1,1,1,0,0,0,0,0.0395636260509491,0.04234295338392258,0.2917789816856384,0.04359304904937744,0.07252280414104462,0.0838540568947792,0.24649405479431152,0.033309247344732285,0.05458557605743408,0.08933497965335846,0.026012133806943893,0.03944304585456848
184,7666.666666666667,,,,insightface_bbox,0.7877906560897827,217.35223388671875,612.0562133789062,1985.4239501953125,2995.782958984375,0,0,1,0,1,1,1,1,0,0,0,0,0.03445301577448845,0.041266247630119324,0.20521388947963715,0.04159308969974518,0.06201224774122238,0.0746358335018158,0.18819792568683624,0.030876491218805313,0.05578015744686127,0.09336673468351364,0.020017679780721664,0.036650270223617554
185,7708.333333333333,,,,insightface_bbox,0.7877906560897827,217.35223388671875,612.0562133789062,1985.4239501953125,2995.782958984375,0,0,1,0,1,1,1,1,0,0,0,0,0.03372424468398094,0.04206353425979614,0.1676127314567566,0.03866925835609436,0.05478348955512047,0.06591261178255081,0.1431412696838379,0.030691826716065407,0.0549643337726593,0.08881106227636337,0.018150435760617256,0.032528482377529144
186,7750.0,,,,insightface_bbox,0.8158407807350159,228.95892333984375,603.302490234375,1981.294921875,2962.0810546875,0,0,1,0,1,1,0,1,0,0,0,0,0.026261676102876663,0.03255391865968704,0.1464925855398178,0.03253844007849693,0.03838389366865158,0.046961620450019836,0.10566282272338867,0.02738834358751774,0.05464963987469673,0.08241724967956543,0.011528357863426208,0.025159383192658424
187,7791.666666666667,,,,insightface_bbox,0.8158407807350159,228.95892333984375,603.302490234375,1981.294921875,2962.0810546875,0,0,1,0,1,1,0,1,0,0,0,0,0.02650381810963154,0.032989323139190674,0.1516822874546051,0.032971013337373734,0.038882553577423096,0.04805908352136612,0.10782532393932343,0.02750115655362606,0.05433403700590134,0.08176995813846588,0.01173040084540844,0.025233425199985504
188,7833.333333333333,,,,insightface_bbox,0.8158407807350159,228.95892333984375,603.302490234375,1981.294921875,2962.0810546875,0,0,0,0,1,1,1,1,0,0,0,0,0.030806392431259155,0.032362233847379684,0.13302013278007507,0.03210039809346199,0.033378854393959045,0.04704996570944786,0.1419394165277481,0.027376489713788033,0.06008748710155487,0.08275245130062103,0.012606946751475334,0.025841092690825462
189,7875.0,,,,insightface_bbox,0.8158407807350159,228.95892333984375,603.302490234375,1981.294921875,2962.0810546875,0,0,0,0,1,1,0,1,0,0,0,0,0.030103381723165512,0.03075210377573967,0.12569788098335266,0.031279075890779495,0.02890072576701641,0.04142669588327408,0.1291104555130005,0.028253834694623947,0.059419307857751846,0.08288858830928802,0.011145617812871933,0.02451120689511299
190,7916.666666666667,,,,insightface_bbox,0.8158407807350159,228.95892333984375,603.302490234375,1981.294921875,2962.0810546875,0,0,0,0,0,1,0,1,0,0,0,0,0.03082359954714775,0.03533754125237465,0.09486827999353409,0.031674012541770935,0.02104785479605198,0.037904515862464905,0.08426885306835175,0.03219730034470558,0.06400243937969208,0.0860910415649414,0.011158950626850128,0.022908000275492668
191,7958.333333333333,,,,insightface_bbox,0.8158407807350159,228.95892333984375,603.302490234375,1981.294921875,2962.0810546875,0,0,0,0,0,1,0,1,0,0,0,0,0.03761022910475731,0.05416283383965492,0.06761403381824493,0.03222842141985893,0.017881885170936584,0.034525271505117416,0.07562263309955597,0.029112091287970543,0.060568057000637054,0.08646315336227417,0.01124710962176323,0.022700464352965355
192,8000.0,,,,insightface_bbox,0.8212401866912842,223.98641967773438,583.2627563476562,1989.4749755859375,2944.16015625,0,0,0,0,0,0,0,1,0,0,0,0,0.04391125589609146,0.07603031396865845,0.07292937487363815,0.036008089780807495,0.018971268087625504,0.03827665001153946,0.06740660220384598,0.033928282558918,0.06476030498743057,0.10084956884384155,0.011879363097250462,0.02372455783188343
